{
"type": "FeatureCollection",
"name": "sparsed_intensity",
"crs": { "type": "name", "properties": { "name": "urn:ogc:def:crs:OGC:1.3:CRS84" } },
"features": [
{ "type": "Feature", "properties": { "im": 1.0 }, "geometry": { "type": "Point", "coordinates": [ 34.72237889141055, 3.761296924352815 ] } },
{ "type": "Feature", "properties": { "im": 0.937 }, "geometry": { "type": "Point", "coordinates": [ 34.722576507410587, 3.761296756352773 ] } },
{ "type": "Feature", "properties": { "im": 0.95 }, "geometry": { "type": "Point", "coordinates": [ 34.722720198410649, 3.761260471352808 ] } },
{ "type": "Feature", "properties": { "im": 0.815 }, "geometry": { "type": "Point", "coordinates": [ 34.722827974410698, 3.761242298352808 ] } },
{ "type": "Feature", "properties": { "im": 0.987 }, "geometry": { "type": "Point", "coordinates": [ 34.72250457141066, 3.761206409352861 ] } },
{ "type": "Feature", "properties": { "im": 0.908 }, "geometry": { "type": "Point", "coordinates": [ 34.723007595410728, 3.76120598235283 ] } },
{ "type": "Feature", "properties": { "im": 0.973 }, "geometry": { "type": "Point", "coordinates": [ 34.722253028410726, 3.76117046035281 ] } },
{ "type": "Feature", "properties": { "im": 0.994 }, "geometry": { "type": "Point", "coordinates": [ 34.722899774410585, 3.761169910352772 ] } },
{ "type": "Feature", "properties": { "im": 0.983 }, "geometry": { "type": "Point", "coordinates": [ 34.723097390410622, 3.761169742352843 ] } },
{ "type": "Feature", "properties": { "im": 0.61 }, "geometry": { "type": "Point", "coordinates": [ 34.722774002410652, 3.761151935352781 ] } },
{ "type": "Feature", "properties": { "im": 0.999 }, "geometry": { "type": "Point", "coordinates": [ 34.722396719410618, 3.761134174352856 ] } },
{ "type": "Feature", "properties": { "im": 0.99 }, "geometry": { "type": "Point", "coordinates": [ 34.722612301410685, 3.761133991352803 ] } },
{ "type": "Feature", "properties": { "im": 0.532 }, "geometry": { "type": "Point", "coordinates": [ 34.723187170410732, 3.761115421352793 ] } },
{ "type": "Feature", "properties": { "im": 0.981 }, "geometry": { "type": "Point", "coordinates": [ 34.722486515410615, 3.76109793535286 ] } },
{ "type": "Feature", "properties": { "im": 0.977 }, "geometry": { "type": "Point", "coordinates": [ 34.722702066410548, 3.761061588352869 ] } },
{ "type": "Feature", "properties": { "im": 0.994 }, "geometry": { "type": "Point", "coordinates": [ 34.72228885341061, 3.761043858352845 ] } },
{ "type": "Feature", "properties": { "im": 0.987 }, "geometry": { "type": "Point", "coordinates": [ 34.722935598410707, 3.761043308352863 ] } },
{ "type": "Feature", "properties": { "im": 0.84 }, "geometry": { "type": "Point", "coordinates": [ 34.722612210410624, 3.7610255013528 ] } },
{ "type": "Feature", "properties": { "im": 0.929 }, "geometry": { "type": "Point", "coordinates": [ 34.722827792410691, 3.761025318352802 ] } },
{ "type": "Feature", "properties": { "im": 0.932 }, "geometry": { "type": "Point", "coordinates": [ 34.723151164410602, 3.761025043352868 ] } },
{ "type": "Feature", "properties": { "im": 0.987 }, "geometry": { "type": "Point", "coordinates": [ 34.723043358410585, 3.761007053352809 ] } },
{ "type": "Feature", "properties": { "im": 0.976 }, "geometry": { "type": "Point", "coordinates": [ 34.722396598410704, 3.760989521352793 ] } },
{ "type": "Feature", "properties": { "im": 0.811 }, "geometry": { "type": "Point", "coordinates": [ 34.722522354410636, 3.760989415352777 ] } },
{ "type": "Feature", "properties": { "im": 0.99 }, "geometry": { "type": "Point", "coordinates": [ 34.722145040410702, 3.760935490352916 ] } },
{ "type": "Feature", "properties": { "im": 0.949 }, "geometry": { "type": "Point", "coordinates": [ 34.722612119410677, 3.760917012352787 ] } },
{ "type": "Feature", "properties": { "im": 0.984 }, "geometry": { "type": "Point", "coordinates": [ 34.722935491410645, 3.760916737352797 ] } },
{ "type": "Feature", "properties": { "im": 0.893 }, "geometry": { "type": "Point", "coordinates": [ 34.72309717841059, 3.760916599352778 ] } },
{ "type": "Feature", "properties": { "im": 0.763 }, "geometry": { "type": "Point", "coordinates": [ 34.723456481410572, 3.760916294352763 ] } },
{ "type": "Feature", "properties": { "im": 0.772 }, "geometry": { "type": "Point", "coordinates": [ 34.722234836410642, 3.760899251352863 ] } },
{ "type": "Feature", "properties": { "im": 0.984 }, "geometry": { "type": "Point", "coordinates": [ 34.722809720410588, 3.760898762352805 ] } },
{ "type": "Feature", "properties": { "im": 0.985 }, "geometry": { "type": "Point", "coordinates": [ 34.722342611410589, 3.760881078352862 ] } },
{ "type": "Feature", "properties": { "im": 0.994 }, "geometry": { "type": "Point", "coordinates": [ 34.72252224841062, 3.760862843352778 ] } },
{ "type": "Feature", "properties": { "im": 0.924 }, "geometry": { "type": "Point", "coordinates": [ 34.722719864410656, 3.76086267535285 ] } },
{ "type": "Feature", "properties": { "im": 0.967 }, "geometry": { "type": "Point", "coordinates": [ 34.723564226410666, 3.760861958352872 ] } },
{ "type": "Feature", "properties": { "im": 0.851 }, "geometry": { "type": "Point", "coordinates": [ 34.722162914410738, 3.760826986352835 ] } },
{ "type": "Feature", "properties": { "im": 0.64 }, "geometry": { "type": "Point", "coordinates": [ 34.722432392410632, 3.760826756352822 ] } },
{ "type": "Feature", "properties": { "im": 0.932 }, "geometry": { "type": "Point", "coordinates": [ 34.722809629410698, 3.760790272352803 ] } },
{ "type": "Feature", "properties": { "im": 0.996 }, "geometry": { "type": "Point", "coordinates": [ 34.722917420410646, 3.760790181352799 ] } },
{ "type": "Feature", "properties": { "im": 0.955 }, "geometry": { "type": "Point", "coordinates": [ 34.722324555410715, 3.760772603352758 ] } },
{ "type": "Feature", "properties": { "im": 0.986 }, "geometry": { "type": "Point", "coordinates": [ 34.722719773410709, 3.760754186352837 ] } },
{ "type": "Feature", "properties": { "im": 0.997 }, "geometry": { "type": "Point", "coordinates": [ 34.722216734410573, 3.760736532352804 ] } },
{ "type": "Feature", "properties": { "im": 0.961 }, "geometry": { "type": "Point", "coordinates": [ 34.722540107410587, 3.76073625735287 ] } },
{ "type": "Feature", "properties": { "im": 0.893 }, "geometry": { "type": "Point", "coordinates": [ 34.722414335410654, 3.760718282352821 ] } },
{ "type": "Feature", "properties": { "im": 0.873 }, "geometry": { "type": "Point", "coordinates": [ 34.722863449410703, 3.760699819352761 ] } },
{ "type": "Feature", "properties": { "im": 0.991 }, "geometry": { "type": "Point", "coordinates": [ 34.722037037410722, 3.760682440352777 ] } },
{ "type": "Feature", "properties": { "im": 0.799 }, "geometry": { "type": "Point", "coordinates": [ 34.722144813410551, 3.760664266352786 ] } },
{ "type": "Feature", "properties": { "im": 0.975 }, "geometry": { "type": "Point", "coordinates": [ 34.723438303410681, 3.760663167352869 ] } },
{ "type": "Feature", "properties": { "im": 0.974 }, "geometry": { "type": "Point", "coordinates": [ 34.723546094410629, 3.760663075352762 ] } },
{ "type": "Feature", "properties": { "im": 0.996 }, "geometry": { "type": "Point", "coordinates": [ 34.722306484410716, 3.76064604735276 ] } },
{ "type": "Feature", "properties": { "im": 0.965 }, "geometry": { "type": "Point", "coordinates": [ 34.722504100410525, 3.760645879352774 ] } },
{ "type": "Feature", "properties": { "im": 0.995 }, "geometry": { "type": "Point", "coordinates": [ 34.723671820410708, 3.760626805352866 ] } },
{ "type": "Feature", "properties": { "im": 0.984 }, "geometry": { "type": "Point", "coordinates": [ 34.722665756410571, 3.760609578352866 ] } },
{ "type": "Feature", "properties": { "im": 0.987 }, "geometry": { "type": "Point", "coordinates": [ 34.722809477410657, 3.760609456352848 ] } },
{ "type": "Feature", "properties": { "im": 0.952 }, "geometry": { "type": "Point", "coordinates": [ 34.721947135410545, 3.760592108352763 ] } },
{ "type": "Feature", "properties": { "im": 0.57 }, "geometry": { "type": "Point", "coordinates": [ 34.723366382410653, 3.760590901352852 ] } },
{ "type": "Feature", "properties": { "im": 0.798 }, "geometry": { "type": "Point", "coordinates": [ 34.722575900410639, 3.760573492352786 ] } },
{ "type": "Feature", "properties": { "im": 0.997 }, "geometry": { "type": "Point", "coordinates": [ 34.722144722410654, 3.760555777352773 ] } },
{ "type": "Feature", "properties": { "im": 0.823 }, "geometry": { "type": "Point", "coordinates": [ 34.723563968410666, 3.760554570352861 ] } },
{ "type": "Feature", "properties": { "im": 0.981 }, "geometry": { "type": "Point", "coordinates": [ 34.723797515410716, 3.760554371352806 ] } },
{ "type": "Feature", "properties": { "im": 0.98 }, "geometry": { "type": "Point", "coordinates": [ 34.722414184410546, 3.760537466352868 ] } },
{ "type": "Feature", "properties": { "im": 0.905 }, "geometry": { "type": "Point", "coordinates": [ 34.72275550641055, 3.760519094352925 ] } },
{ "type": "Feature", "properties": { "im": 0.995 }, "geometry": { "type": "Point", "coordinates": [ 34.723438182410547, 3.760518514352806 ] } },
{ "type": "Feature", "properties": { "im": 0.993 }, "geometry": { "type": "Point", "coordinates": [ 34.722252452410679, 3.760483359352828 ] } },
{ "type": "Feature", "properties": { "im": 0.997 }, "geometry": { "type": "Point", "coordinates": [ 34.723689664410607, 3.760482137352791 ] } },
{ "type": "Feature", "properties": { "im": 0.993 }, "geometry": { "type": "Point", "coordinates": [ 34.722575809410692, 3.760465002352784 ] } },
{ "type": "Feature", "properties": { "im": 0.986 }, "geometry": { "type": "Point", "coordinates": [ 34.723995056410637, 3.760463795352815 ] } },
{ "type": "Feature", "properties": { "im": 0.977 }, "geometry": { "type": "Point", "coordinates": [ 34.7242645344107, 3.760463566352792 ] } },
{ "type": "Feature", "properties": { "im": 0.974 }, "geometry": { "type": "Point", "coordinates": [ 34.722018875410605, 3.760447394352776 ] } },
{ "type": "Feature", "properties": { "im": 0.96 }, "geometry": { "type": "Point", "coordinates": [ 34.7227015354106, 3.760428732352831 ] } },
{ "type": "Feature", "properties": { "im": 0.95 }, "geometry": { "type": "Point", "coordinates": [ 34.723312350410616, 3.760428212352759 ] } },
{ "type": "Feature", "properties": { "im": 0.97 }, "geometry": { "type": "Point", "coordinates": [ 34.723527932410683, 3.760428029352762 ] } },
{ "type": "Feature", "properties": { "im": 0.999 }, "geometry": { "type": "Point", "coordinates": [ 34.723869270410681, 3.760427739352759 ] } },
{ "type": "Feature", "properties": { "im": 0.976 }, "geometry": { "type": "Point", "coordinates": [ 34.722467973410652, 3.760410849352776 ] } },
{ "type": "Feature", "properties": { "im": 0.955 }, "geometry": { "type": "Point", "coordinates": [ 34.722360167410635, 3.760392859352772 ] } },
{ "type": "Feature", "properties": { "im": 0.944 }, "geometry": { "type": "Point", "coordinates": [ 34.723420111410597, 3.760391958352808 ] } },
{ "type": "Feature", "properties": { "im": 0.998 }, "geometry": { "type": "Point", "coordinates": [ 34.72408482241061, 3.760391393352758 ] } },
{ "type": "Feature", "properties": { "im": 0.983 }, "geometry": { "type": "Point", "coordinates": [ 34.721875093410652, 3.760375190352842 ] } },
{ "type": "Feature", "properties": { "im": 0.967 }, "geometry": { "type": "Point", "coordinates": [ 34.722144570410613, 3.760374961352819 ] } },
{ "type": "Feature", "properties": { "im": 0.932 }, "geometry": { "type": "Point", "coordinates": [ 34.72261166441055, 3.760374563352765 ] } },
{ "type": "Feature", "properties": { "im": 0.967 }, "geometry": { "type": "Point", "coordinates": [ 34.72379734941071, 3.760355474352787 ] } },
{ "type": "Feature", "properties": { "im": 0.458 }, "geometry": { "type": "Point", "coordinates": [ 34.722000818410628, 3.760338920352775 ] } },
{ "type": "Feature", "properties": { "im": 0.78 }, "geometry": { "type": "Point", "coordinates": [ 34.723994950410621, 3.760337224352805 ] } },
{ "type": "Feature", "properties": { "im": 0.961 }, "geometry": { "type": "Point", "coordinates": [ 34.72424646341053, 3.760337010352794 ] } },
{ "type": "Feature", "properties": { "im": 0.997 }, "geometry": { "type": "Point", "coordinates": [ 34.722252315410593, 3.760320624352767 ] } },
{ "type": "Feature", "properties": { "im": 0.953 }, "geometry": { "type": "Point", "coordinates": [ 34.723887144410604, 3.760319234352802 ] } },
{ "type": "Feature", "properties": { "im": 0.915 }, "geometry": { "type": "Point", "coordinates": [ 34.724533890410633, 3.760318684352764 ] } },
{ "type": "Feature", "properties": { "im": 0.991 }, "geometry": { "type": "Point", "coordinates": [ 34.722503812410672, 3.760302329352863 ] } },
{ "type": "Feature", "properties": { "im": 0.905 }, "geometry": { "type": "Point", "coordinates": [ 34.723527826410667, 3.760301458352866 ] } },
{ "type": "Feature", "properties": { "im": 0.961 }, "geometry": { "type": "Point", "coordinates": [ 34.723635617410615, 3.760301366352758 ] } },
{ "type": "Feature", "properties": { "im": 0.988 }, "geometry": { "type": "Point", "coordinates": [ 34.721767226410655, 3.76028487335284 ] } },
{ "type": "Feature", "properties": { "im": 0.99 }, "geometry": { "type": "Point", "coordinates": [ 34.722342110410658, 3.760284384352782 ] } },
{ "type": "Feature", "properties": { "im": 0.871 }, "geometry": { "type": "Point", "coordinates": [ 34.722755309410637, 3.760284033352856 ] } },
{ "type": "Feature", "properties": { "im": 0.949 }, "geometry": { "type": "Point", "coordinates": [ 34.723240368410721, 3.760283621352893 ] } },
{ "type": "Feature", "properties": { "im": 0.999 }, "geometry": { "type": "Point", "coordinates": [ 34.72264750341062, 3.760266043352796 ] } },
{ "type": "Feature", "properties": { "im": 0.925 }, "geometry": { "type": "Point", "coordinates": [ 34.723402039410665, 3.760265401352821 ] } },
{ "type": "Feature", "properties": { "im": 0.925 }, "geometry": { "type": "Point", "coordinates": [ 34.72372541241068, 3.760265126352773 ] } },
{ "type": "Feature", "properties": { "im": 0.913 }, "geometry": { "type": "Point", "coordinates": [ 34.724084715410662, 3.760264821352759 ] } },
{ "type": "Feature", "properties": { "im": 0.859 }, "geometry": { "type": "Point", "coordinates": [ 34.72189295241062, 3.760248603352773 ] } },
{ "type": "Feature", "properties": { "im": 0.97 }, "geometry": { "type": "Point", "coordinates": [ 34.722036673410706, 3.760248481352757 ] } },
{ "type": "Feature", "properties": { "im": 0.963 }, "geometry": { "type": "Point", "coordinates": [ 34.723958929410593, 3.760228765352816 ] } },
{ "type": "Feature", "properties": { "im": 0.878 }, "geometry": { "type": "Point", "coordinates": [ 34.724839222410672, 3.760228017352826 ] } },
{ "type": "Feature", "properties": { "im": 0.969 }, "geometry": { "type": "Point", "coordinates": [ 34.722162398410681, 3.760212211352861 ] } },
{ "type": "Feature", "properties": { "im": 0.845 }, "geometry": { "type": "Point", "coordinates": [ 34.722270189410629, 3.760212119352924 ] } },
{ "type": "Feature", "properties": { "im": 0.864 }, "geometry": { "type": "Point", "coordinates": [ 34.723491819410661, 3.760211080352771 ] } },
{ "type": "Feature", "properties": { "im": 0.983 }, "geometry": { "type": "Point", "coordinates": [ 34.724282287410652, 3.760210408352771 ] } },
{ "type": "Feature", "properties": { "im": 0.919 }, "geometry": { "type": "Point", "coordinates": [ 34.721713255410549, 3.760194511352803 ] } },
{ "type": "Feature", "properties": { "im": 0.95 }, "geometry": { "type": "Point", "coordinates": [ 34.72244982541055, 3.760193885352773 ] } },
{ "type": "Feature", "properties": { "im": 0.989 }, "geometry": { "type": "Point", "coordinates": [ 34.723599595410654, 3.760192907352769 ] } },
{ "type": "Feature", "properties": { "im": 0.982 }, "geometry": { "type": "Point", "coordinates": [ 34.722557601410607, 3.760175711352782 ] } },
{ "type": "Feature", "properties": { "im": 0.976 }, "geometry": { "type": "Point", "coordinates": [ 34.72322231241062, 3.760175146352788 ] } },
{ "type": "Feature", "properties": { "im": 0.985 }, "geometry": { "type": "Point", "coordinates": [ 34.723366033410706, 3.760175024352772 ] } },
{ "type": "Feature", "properties": { "im": 0.992 }, "geometry": { "type": "Point", "coordinates": [ 34.723815162410652, 3.760174642352776 ] } },
{ "type": "Feature", "properties": { "im": 0.476 }, "geometry": { "type": "Point", "coordinates": [ 34.724390047410701, 3.760174153352831 ] } },
{ "type": "Feature", "properties": { "im": 0.96 }, "geometry": { "type": "Point", "coordinates": [ 34.72198270141066, 3.760158119352834 ] } },
{ "type": "Feature", "properties": { "im": 0.995 }, "geometry": { "type": "Point", "coordinates": [ 34.721856930410659, 3.760140144352841 ] } },
{ "type": "Feature", "properties": { "im": 0.991 }, "geometry": { "type": "Point", "coordinates": [ 34.724893042410677, 3.760137563352795 ] } },
{ "type": "Feature", "properties": { "im": 0.99 }, "geometry": { "type": "Point", "coordinates": [ 34.723976803410629, 3.760120260352802 ] } },
{ "type": "Feature", "properties": { "im": 0.994 }, "geometry": { "type": "Point", "coordinates": [ 34.724138489410699, 3.760120122352784 ] } },
{ "type": "Feature", "properties": { "im": 0.996 }, "geometry": { "type": "Point", "coordinates": [ 34.724479828410573, 3.760119832352837 ] } },
{ "type": "Feature", "properties": { "im": 0.999 }, "geometry": { "type": "Point", "coordinates": [ 34.721749109410688, 3.760104073352774 ] } },
{ "type": "Feature", "properties": { "im": 0.977 }, "geometry": { "type": "Point", "coordinates": [ 34.722216203410618, 3.760103675352833 ] } },
{ "type": "Feature", "properties": { "im": 0.957 }, "geometry": { "type": "Point", "coordinates": [ 34.72234195941072, 3.760103568352827 ] } },
{ "type": "Feature", "properties": { "im": 0.914 }, "geometry": { "type": "Point", "coordinates": [ 34.723437833410593, 3.76010263635285 ] } },
{ "type": "Feature", "properties": { "im": 0.988 }, "geometry": { "type": "Point", "coordinates": [ 34.723545624410548, 3.760102545352846 ] } },
{ "type": "Feature", "properties": { "im": 0.992 }, "geometry": { "type": "Point", "coordinates": [ 34.725054698410723, 3.760101262352829 ] } },
{ "type": "Feature", "properties": { "im": 0.982 }, "geometry": { "type": "Point", "coordinates": [ 34.722108397410601, 3.760085685352772 ] } },
{ "type": "Feature", "properties": { "im": 0.999 }, "geometry": { "type": "Point", "coordinates": [ 34.723671365410574, 3.760084356352844 ] } },
{ "type": "Feature", "properties": { "im": 0.999 }, "geometry": { "type": "Point", "coordinates": [ 34.724354041410741, 3.760083776352781 ] } },
{ "type": "Feature", "properties": { "im": 0.988 }, "geometry": { "type": "Point", "coordinates": [ 34.725252300410737, 3.760083012352903 ] } },
{ "type": "Feature", "properties": { "im": 0.958 }, "geometry": { "type": "Point", "coordinates": [ 34.722521580410579, 3.76006725235285 ] } },
{ "type": "Feature", "properties": { "im": 0.997 }, "geometry": { "type": "Point", "coordinates": [ 34.723312046410591, 3.760066580352794 ] } },
{ "type": "Feature", "properties": { "im": 0.949 }, "geometry": { "type": "Point", "coordinates": [ 34.724623504410737, 3.760065465352763 ] } },
{ "type": "Feature", "properties": { "im": 0.831 }, "geometry": { "type": "Point", "coordinates": [ 34.724264170410684, 3.760029607352772 ] } },
{ "type": "Feature", "properties": { "im": 0.871 }, "geometry": { "type": "Point", "coordinates": [ 34.72516242941068, 3.760028844352771 ] } },
{ "type": "Feature", "properties": { "im": 0.985 }, "geometry": { "type": "Point", "coordinates": [ 34.721874789410627, 3.760013558352763 ] } },
{ "type": "Feature", "properties": { "im": 0.945 }, "geometry": { "type": "Point", "coordinates": [ 34.722000545410729, 3.760013451352758 ] } },
{ "type": "Feature", "properties": { "im": 1.0 }, "geometry": { "type": "Point", "coordinates": [ 34.723168280410583, 3.760012457352924 ] } },
{ "type": "Feature", "properties": { "im": 0.999 }, "geometry": { "type": "Point", "coordinates": [ 34.723401827410633, 3.760012259352801 ] } },
{ "type": "Feature", "properties": { "im": 0.972 }, "geometry": { "type": "Point", "coordinates": [ 34.723832991410653, 3.760011892352817 ] } },
{ "type": "Feature", "properties": { "im": 0.882 }, "geometry": { "type": "Point", "coordinates": [ 34.724443806410612, 3.760011373352849 ] } },
{ "type": "Feature", "properties": { "im": 0.895 }, "geometry": { "type": "Point", "coordinates": [ 34.725521717410537, 3.760010457352759 ] } },
{ "type": "Feature", "properties": { "im": 0.99 }, "geometry": { "type": "Point", "coordinates": [ 34.721677157410589, 3.759995644352865 ] } },
{ "type": "Feature", "properties": { "im": 0.285 }, "geometry": { "type": "Point", "coordinates": [ 34.72214425141069, 3.759995247352857 ] } },
{ "type": "Feature", "properties": { "im": 0.998 }, "geometry": { "type": "Point", "coordinates": [ 34.722252042410638, 3.759995155352807 ] } },
{ "type": "Feature", "properties": { "im": 0.949 }, "geometry": { "type": "Point", "coordinates": [ 34.722359833410586, 3.759995063352756 ] } },
{ "type": "Feature", "properties": { "im": 0.956 }, "geometry": { "type": "Point", "coordinates": [ 34.723509603410683, 3.75999408535281 ] } },
{ "type": "Feature", "properties": { "im": 0.914 }, "geometry": { "type": "Point", "coordinates": [ 34.723994662410597, 3.759993673352791 ] } },
{ "type": "Feature", "properties": { "im": 0.995 }, "geometry": { "type": "Point", "coordinates": [ 34.724731234410591, 3.759993047352761 ] } },
{ "type": "Feature", "properties": { "im": 1.0 }, "geometry": { "type": "Point", "coordinates": [ 34.725072572410589, 3.759992757352815 ] } },
{ "type": "Feature", "properties": { "im": 0.998 }, "geometry": { "type": "Point", "coordinates": [ 34.725413911410691, 3.759992467352868 ] } },
{ "type": "Feature", "properties": { "im": 0.276 }, "geometry": { "type": "Point", "coordinates": [ 34.721784933410639, 3.759977471352808 ] } },
{ "type": "Feature", "properties": { "im": 0.93 }, "geometry": { "type": "Point", "coordinates": [ 34.72361737841063, 3.759975912352924 ] } },
{ "type": "Feature", "properties": { "im": 0.989 }, "geometry": { "type": "Point", "coordinates": [ 34.723743134410732, 3.759975805352805 ] } },
{ "type": "Feature", "properties": { "im": 0.983 }, "geometry": { "type": "Point", "coordinates": [ 34.722485558410618, 3.75995879335286 ] } },
{ "type": "Feature", "properties": { "im": 0.816 }, "geometry": { "type": "Point", "coordinates": [ 34.725683358410684, 3.759956075352785 ] } },
{ "type": "Feature", "properties": { "im": 0.987 }, "geometry": { "type": "Point", "coordinates": [ 34.723276010410665, 3.759940039352808 ] } },
{ "type": "Feature", "properties": { "im": 1.0 }, "geometry": { "type": "Point", "coordinates": [ 34.724335955410673, 3.7599391383529 ] } },
{ "type": "Feature", "properties": { "im": 1.0 }, "geometry": { "type": "Point", "coordinates": [ 34.721605236410618, 3.759923379352836 ] } },
{ "type": "Feature", "properties": { "im": 0.987 }, "geometry": { "type": "Point", "coordinates": [ 34.724084427410638, 3.759921270352858 ] } },
{ "type": "Feature", "properties": { "im": 0.995 }, "geometry": { "type": "Point", "coordinates": [ 34.724192218410586, 3.759921178352921 ] } },
{ "type": "Feature", "properties": { "im": 0.994 }, "geometry": { "type": "Point", "coordinates": [ 34.724515591410601, 3.759920904352806 ] } },
{ "type": "Feature", "properties": { "im": 0.964 }, "geometry": { "type": "Point", "coordinates": [ 34.724623382410549, 3.759920812352813 ] } },
{ "type": "Feature", "properties": { "im": 0.995 }, "geometry": { "type": "Point", "coordinates": [ 34.725288094410665, 3.759920247352762 ] } },
{ "type": "Feature", "properties": { "im": 1.0 }, "geometry": { "type": "Point", "coordinates": [ 34.725575537410549, 3.759920003352842 ] } },
{ "type": "Feature", "properties": { "im": 0.999 }, "geometry": { "type": "Point", "coordinates": [ 34.721713012410611, 3.759905206352779 ] } },
{ "type": "Feature", "properties": { "im": 0.999 }, "geometry": { "type": "Point", "coordinates": [ 34.722072314410717, 3.759904900352832 ] } },
{ "type": "Feature", "properties": { "im": 0.933 }, "geometry": { "type": "Point", "coordinates": [ 34.722180105410665, 3.759904808352839 ] } },
{ "type": "Feature", "properties": { "im": 0.959 }, "geometry": { "type": "Point", "coordinates": [ 34.723042432410658, 3.75990407535286 ] } },
{ "type": "Feature", "properties": { "im": 0.939 }, "geometry": { "type": "Point", "coordinates": [ 34.725467731410696, 3.759902013352781 ] } },
{ "type": "Feature", "properties": { "im": 0.695 }, "geometry": { "type": "Point", "coordinates": [ 34.723168173410691, 3.759885886352857 ] } },
{ "type": "Feature", "properties": { "im": 0.994 }, "geometry": { "type": "Point", "coordinates": [ 34.723976606410723, 3.759885198352801 ] } },
{ "type": "Feature", "properties": { "im": 0.999 }, "geometry": { "type": "Point", "coordinates": [ 34.725000621410594, 3.759884328352793 ] } },
{ "type": "Feature", "properties": { "im": 0.997 }, "geometry": { "type": "Point", "coordinates": [ 34.725773124410658, 3.759883672352852 ] } },
{ "type": "Feature", "properties": { "im": 0.994 }, "geometry": { "type": "Point", "coordinates": [ 34.72613242741064, 3.759883366352904 ] } },
{ "type": "Feature", "properties": { "im": 0.997 }, "geometry": { "type": "Point", "coordinates": [ 34.722341761410711, 3.759868507352758 ] } },
{ "type": "Feature", "properties": { "im": 0.889 }, "geometry": { "type": "Point", "coordinates": [ 34.723401705410673, 3.759867606352851 ] } },
{ "type": "Feature", "properties": { "im": 0.872 }, "geometry": { "type": "Point", "coordinates": [ 34.72480298841068, 3.759866414352838 ] } },
{ "type": "Feature", "properties": { "im": 0.953 }, "geometry": { "type": "Point", "coordinates": [ 34.725988691410656, 3.759865407352858 ] } },
{ "type": "Feature", "properties": { "im": 0.959 }, "geometry": { "type": "Point", "coordinates": [ 34.721892617410639, 3.759850808352804 ] } },
{ "type": "Feature", "properties": { "im": 0.99 }, "geometry": { "type": "Point", "coordinates": [ 34.723509481410666, 3.759849432352862 ] } },
{ "type": "Feature", "properties": { "im": 1.0 }, "geometry": { "type": "Point", "coordinates": [ 34.723635237410598, 3.759849325352855 ] } },
{ "type": "Feature", "properties": { "im": 0.899 }, "geometry": { "type": "Point", "coordinates": [ 34.723832854410681, 3.759849157352757 ] } },
{ "type": "Feature", "properties": { "im": 0.904 }, "geometry": { "type": "Point", "coordinates": [ 34.724299948410611, 3.759848760352805 ] } },
{ "type": "Feature", "properties": { "im": 0.968 }, "geometry": { "type": "Point", "coordinates": [ 34.724425689410644, 3.759830572352793 ] } },
{ "type": "Feature", "properties": { "im": 0.367 }, "geometry": { "type": "Point", "coordinates": [ 34.724551446410679, 3.759830465352787 ] } },
{ "type": "Feature", "properties": { "im": 0.184 }, "geometry": { "type": "Point", "coordinates": [ 34.725539531410583, 3.759829625352803 ] } },
{ "type": "Feature", "properties": { "im": 0.96 }, "geometry": { "type": "Point", "coordinates": [ 34.721802761410707, 3.759814721352905 ] } },
{ "type": "Feature", "properties": { "im": 0.993 }, "geometry": { "type": "Point", "coordinates": [ 34.72223392541067, 3.759814354352808 ] } },
{ "type": "Feature", "properties": { "im": 0.966 }, "geometry": { "type": "Point", "coordinates": [ 34.722485437410704, 3.759814140352797 ] } },
{ "type": "Feature", "properties": { "im": 0.988 }, "geometry": { "type": "Point", "coordinates": [ 34.724174162410712, 3.75981270435292 ] } },
{ "type": "Feature", "properties": { "im": 0.977 }, "geometry": { "type": "Point", "coordinates": [ 34.724677187410656, 3.759812276352785 ] } },
{ "type": "Feature", "properties": { "im": 0.998 }, "geometry": { "type": "Point", "coordinates": [ 34.724892769410722, 3.759812093352787 ] } },
{ "type": "Feature", "properties": { "im": 0.967 }, "geometry": { "type": "Point", "coordinates": [ 34.726312019410578, 3.759810887352866 ] } },
{ "type": "Feature", "properties": { "im": 0.965 }, "geometry": { "type": "Point", "coordinates": [ 34.721982398410738, 3.759796487352811 ] } },
{ "type": "Feature", "properties": { "im": 0.906 }, "geometry": { "type": "Point", "coordinates": [ 34.723221993410696, 3.759795432352826 ] } },
{ "type": "Feature", "properties": { "im": 0.871 }, "geometry": { "type": "Point", "coordinates": [ 34.724030425410625, 3.75979474435277 ] } },
{ "type": "Feature", "properties": { "im": 0.955 }, "geometry": { "type": "Point", "coordinates": [ 34.725036475410739, 3.759793889352773 ] } },
{ "type": "Feature", "properties": { "im": 0.998 }, "geometry": { "type": "Point", "coordinates": [ 34.725162231410671, 3.759793782352769 ] } },
{ "type": "Feature", "properties": { "im": 0.987 }, "geometry": { "type": "Point", "coordinates": [ 34.725431709410735, 3.75979355335286 ] } },
{ "type": "Feature", "properties": { "im": 0.975 }, "geometry": { "type": "Point", "coordinates": [ 34.725629326410647, 3.759793385352761 ] } },
{ "type": "Feature", "properties": { "im": 0.996 }, "geometry": { "type": "Point", "coordinates": [ 34.7216051144106, 3.759778726352773 ] } },
{ "type": "Feature", "properties": { "im": 0.636 }, "geometry": { "type": "Point", "coordinates": [ 34.722108138410668, 3.759778298352809 ] } },
{ "type": "Feature", "properties": { "im": 0.946 }, "geometry": { "type": "Point", "coordinates": [ 34.722970466410594, 3.759777564352783 ] } },
{ "type": "Feature", "properties": { "im": 0.994 }, "geometry": { "type": "Point", "coordinates": [ 34.723437560410694, 3.759777167352833 ] } },
{ "type": "Feature", "properties": { "im": 0.773 }, "geometry": { "type": "Point", "coordinates": [ 34.723707037410712, 3.75977693835281 ] } },
{ "type": "Feature", "properties": { "im": 0.998 }, "geometry": { "type": "Point", "coordinates": [ 34.726078441410628, 3.759774922352813 ] } },
{ "type": "Feature", "properties": { "im": 0.991 }, "geometry": { "type": "Point", "coordinates": [ 34.723096206410695, 3.759759376352771 ] } },
{ "type": "Feature", "properties": { "im": 0.988 }, "geometry": { "type": "Point", "coordinates": [ 34.724353768410616, 3.759758306352774 ] } },
{ "type": "Feature", "properties": { "im": 0.97 }, "geometry": { "type": "Point", "coordinates": [ 34.725826913410593, 3.759757054352771 ] } },
{ "type": "Feature", "properties": { "im": 0.999 }, "geometry": { "type": "Point", "coordinates": [ 34.726455695410742, 3.759756520352791 ] } },
{ "type": "Feature", "properties": { "im": 0.931 }, "geometry": { "type": "Point", "coordinates": [ 34.722862644410519, 3.759741493352887 ] } },
{ "type": "Feature", "properties": { "im": 0.993 }, "geometry": { "type": "Point", "coordinates": [ 34.723311773410693, 3.759741111352776 ] } },
{ "type": "Feature", "properties": { "im": 0.997 }, "geometry": { "type": "Point", "coordinates": [ 34.723796833410653, 3.759740698352824 ] } },
{ "type": "Feature", "properties": { "im": 0.977 }, "geometry": { "type": "Point", "coordinates": [ 34.723904624410601, 3.759740606352831 ] } },
{ "type": "Feature", "properties": { "im": 0.98 }, "geometry": { "type": "Point", "coordinates": [ 34.724587300410597, 3.759740026352769 ] } },
{ "type": "Feature", "properties": { "im": 0.979 }, "geometry": { "type": "Point", "coordinates": [ 34.72478491741068, 3.759739858352841 ] } },
{ "type": "Feature", "properties": { "im": 0.987 }, "geometry": { "type": "Point", "coordinates": [ 34.725719107410519, 3.759739064352767 ] } },
{ "type": "Feature", "properties": { "im": 0.996 }, "geometry": { "type": "Point", "coordinates": [ 34.72595265441057, 3.759738866352758 ] } },
{ "type": "Feature", "properties": { "im": 0.965 }, "geometry": { "type": "Point", "coordinates": [ 34.726186202410723, 3.759738667352759 ] } },
{ "type": "Feature", "properties": { "im": 0.862 }, "geometry": { "type": "Point", "coordinates": [ 34.72173082541061, 3.759724374352824 ] } },
{ "type": "Feature", "properties": { "im": 0.897 }, "geometry": { "type": "Point", "coordinates": [ 34.723527340410634, 3.759722846352783 ] } },
{ "type": "Feature", "properties": { "im": 0.963 }, "geometry": { "type": "Point", "coordinates": [ 34.724120190410666, 3.759722342352826 ] } },
{ "type": "Feature", "properties": { "im": 0.983 }, "geometry": { "type": "Point", "coordinates": [ 34.724227982410717, 3.759722250352833 ] } },
{ "type": "Feature", "properties": { "im": 0.993 }, "geometry": { "type": "Point", "coordinates": [ 34.724479494410581, 3.759722036352879 ] } },
{ "type": "Feature", "properties": { "im": 0.996 }, "geometry": { "type": "Point", "coordinates": [ 34.72203621741064, 3.759706033352781 ] } },
{ "type": "Feature", "properties": { "im": 0.865 }, "geometry": { "type": "Point", "coordinates": [ 34.722287729410674, 3.75970581935277 ] } },
{ "type": "Feature", "properties": { "im": 0.965 }, "geometry": { "type": "Point", "coordinates": [ 34.725090295410574, 3.759703435352856 ] } },
{ "type": "Feature", "properties": { "im": 0.995 }, "geometry": { "type": "Point", "coordinates": [ 34.725539424410691, 3.759703054352907 ] } },
{ "type": "Feature", "properties": { "im": 0.99 }, "geometry": { "type": "Point", "coordinates": [ 34.722161958410673, 3.759687844352892 ] } },
{ "type": "Feature", "properties": { "im": 0.916 }, "geometry": { "type": "Point", "coordinates": [ 34.725198071410624, 3.759685262352856 ] } },
{ "type": "Feature", "properties": { "im": 0.675 }, "geometry": { "type": "Point", "coordinates": [ 34.725305862410742, 3.759685170352863 ] } },
{ "type": "Feature", "properties": { "im": 0.988 }, "geometry": { "type": "Point", "coordinates": [ 34.721838570410704, 3.759670038352762 ] } },
{ "type": "Feature", "properties": { "im": 0.714 }, "geometry": { "type": "Point", "coordinates": [ 34.723060200410735, 3.759668998352846 ] } },
{ "type": "Feature", "properties": { "im": 0.878 }, "geometry": { "type": "Point", "coordinates": [ 34.723185956410667, 3.75966889135284 ] } },
{ "type": "Feature", "properties": { "im": 0.649 }, "geometry": { "type": "Point", "coordinates": [ 34.723401538410734, 3.759668708352844 ] } },
{ "type": "Feature", "properties": { "im": 0.983 }, "geometry": { "type": "Point", "coordinates": [ 34.723653051410643, 3.75966849435289 ] } },
{ "type": "Feature", "properties": { "im": 0.958 }, "geometry": { "type": "Point", "coordinates": [ 34.724012354410625, 3.759668188352772 ] } },
{ "type": "Feature", "properties": { "im": 0.875 }, "geometry": { "type": "Point", "coordinates": [ 34.724982473410726, 3.759667364352789 ] } },
{ "type": "Feature", "properties": { "im": 0.987 }, "geometry": { "type": "Point", "coordinates": [ 34.726275967410594, 3.759666264352882 ] } },
{ "type": "Feature", "properties": { "im": 0.75 }, "geometry": { "type": "Point", "coordinates": [ 34.721479252410653, 3.759652262352768 ] } },
{ "type": "Feature", "properties": { "im": 0.822 }, "geometry": { "type": "Point", "coordinates": [ 34.72376082641059, 3.759650321352833 ] } },
{ "type": "Feature", "properties": { "im": 1.0 }, "geometry": { "type": "Point", "coordinates": [ 34.724641120410602, 3.759649572352851 ] } },
{ "type": "Feature", "properties": { "im": 0.868 }, "geometry": { "type": "Point", "coordinates": [ 34.725647170410717, 3.759648717352856 ] } },
{ "type": "Feature", "properties": { "im": 0.982 }, "geometry": { "type": "Point", "coordinates": [ 34.725790892410735, 3.759648595352838 ] } },
{ "type": "Feature", "properties": { "im": 0.777 }, "geometry": { "type": "Point", "coordinates": [ 34.72611426541058, 3.759648320352905 ] } },
{ "type": "Feature", "properties": { "im": 0.981 }, "geometry": { "type": "Point", "coordinates": [ 34.721928365410598, 3.759633798352775 ] } },
{ "type": "Feature", "properties": { "im": 0.996 }, "geometry": { "type": "Point", "coordinates": [ 34.721371431410681, 3.759616191352758 ] } },
{ "type": "Feature", "properties": { "im": 0.946 }, "geometry": { "type": "Point", "coordinates": [ 34.722323583410592, 3.759615380352864 ] } },
{ "type": "Feature", "properties": { "im": 0.979 }, "geometry": { "type": "Point", "coordinates": [ 34.724299751410705, 3.759613699352793 ] } },
{ "type": "Feature", "properties": { "im": 0.948 }, "geometry": { "type": "Point", "coordinates": [ 34.724425507410636, 3.759613592352788 ] } },
{ "type": "Feature", "properties": { "im": 0.428 }, "geometry": { "type": "Point", "coordinates": [ 34.724730915410667, 3.759613332352866 ] } },
{ "type": "Feature", "properties": { "im": 0.998 }, "geometry": { "type": "Point", "coordinates": [ 34.724856672410702, 3.759613225352861 ] } },
{ "type": "Feature", "properties": { "im": 0.965 }, "geometry": { "type": "Point", "coordinates": [ 34.725988478410521, 3.759612264352791 ] } },
{ "type": "Feature", "properties": { "im": 0.998 }, "geometry": { "type": "Point", "coordinates": [ 34.722952349410569, 3.759596763352842 ] } },
{ "type": "Feature", "properties": { "im": 0.995 }, "geometry": { "type": "Point", "coordinates": [ 34.723491303410604, 3.759596305352797 ] } },
{ "type": "Feature", "properties": { "im": 0.649 }, "geometry": { "type": "Point", "coordinates": [ 34.723904502410583, 3.759595953352767 ] } },
{ "type": "Feature", "properties": { "im": 0.993 }, "geometry": { "type": "Point", "coordinates": [ 34.724138049410634, 3.759595755352758 ] } },
{ "type": "Feature", "properties": { "im": 0.996 }, "geometry": { "type": "Point", "coordinates": [ 34.725269856410613, 3.759594793352757 ] } },
{ "type": "Feature", "properties": { "im": 0.839 }, "geometry": { "type": "Point", "coordinates": [ 34.725880672410675, 3.759594274352788 ] } },
{ "type": "Feature", "properties": { "im": 0.999 }, "geometry": { "type": "Point", "coordinates": [ 34.72647352341064, 3.759593770352832 ] } },
{ "type": "Feature", "properties": { "im": 0.997 }, "geometry": { "type": "Point", "coordinates": [ 34.721569017410694, 3.759579859352836 ] } },
{ "type": "Feature", "properties": { "im": 0.98 }, "geometry": { "type": "Point", "coordinates": [ 34.722233727410661, 3.759579293352795 ] } },
{ "type": "Feature", "properties": { "im": 0.934 }, "geometry": { "type": "Point", "coordinates": [ 34.72284454241062, 3.759578773352839 ] } },
{ "type": "Feature", "properties": { "im": 0.997 }, "geometry": { "type": "Point", "coordinates": [ 34.72311402041074, 3.759578544352816 ] } },
{ "type": "Feature", "properties": { "im": 0.944 }, "geometry": { "type": "Point", "coordinates": [ 34.723221811410689, 3.759578452352822 ] } },
{ "type": "Feature", "properties": { "im": 0.986 }, "geometry": { "type": "Point", "coordinates": [ 34.725072223410642, 3.759576879352859 ] } },
{ "type": "Feature", "properties": { "im": 0.881 }, "geometry": { "type": "Point", "coordinates": [ 34.723670925410737, 3.759559989352819 ] } },
{ "type": "Feature", "properties": { "im": 0.983 }, "geometry": { "type": "Point", "coordinates": [ 34.723796681410668, 3.75955988235287 ] } },
{ "type": "Feature", "properties": { "im": 0.965 }, "geometry": { "type": "Point", "coordinates": [ 34.724551218410646, 3.759559240352838 ] } },
{ "type": "Feature", "properties": { "im": 0.972 }, "geometry": { "type": "Point", "coordinates": [ 34.725359651410621, 3.75955855335277 ] } },
{ "type": "Feature", "properties": { "im": 0.977 }, "geometry": { "type": "Point", "coordinates": [ 34.726168085410585, 3.759557866352818 ] } },
{ "type": "Feature", "properties": { "im": 0.931 }, "geometry": { "type": "Point", "coordinates": [ 34.726653145410715, 3.759557454352854 ] } },
{ "type": "Feature", "properties": { "im": 0.982 }, "geometry": { "type": "Point", "coordinates": [ 34.722089976410722, 3.759543252352809 ] } },
{ "type": "Feature", "properties": { "im": 0.973 }, "geometry": { "type": "Point", "coordinates": [ 34.723329571410737, 3.759542198352757 ] } },
{ "type": "Feature", "properties": { "im": 0.975 }, "geometry": { "type": "Point", "coordinates": [ 34.723581068410645, 3.759523902352806 ] } },
{ "type": "Feature", "properties": { "im": 0.96 }, "geometry": { "type": "Point", "coordinates": [ 34.723976302410698, 3.759523566352779 ] } },
{ "type": "Feature", "properties": { "im": 0.968 }, "geometry": { "type": "Point", "coordinates": [ 34.724766770410689, 3.759522894352837 ] } },
{ "type": "Feature", "properties": { "im": 0.993 }, "geometry": { "type": "Point", "coordinates": [ 34.726042298410526, 3.759521810352761 ] } },
{ "type": "Feature", "properties": { "im": 0.98 }, "geometry": { "type": "Point", "coordinates": [ 34.721443200410668, 3.759507640352832 ] } },
{ "type": "Feature", "properties": { "im": 0.971 }, "geometry": { "type": "Point", "coordinates": [ 34.721640817410638, 3.75950747235279 ] } },
{ "type": "Feature", "properties": { "im": 0.6 }, "geometry": { "type": "Point", "coordinates": [ 34.724227799410606, 3.759505270352884 ] } },
{ "type": "Feature", "properties": { "im": 0.994 }, "geometry": { "type": "Point", "coordinates": [ 34.724335590410725, 3.759505179352767 ] } },
{ "type": "Feature", "properties": { "im": 0.994 }, "geometry": { "type": "Point", "coordinates": [ 34.725144023410586, 3.759504491352824 ] } },
{ "type": "Feature", "properties": { "im": 0.965 }, "geometry": { "type": "Point", "coordinates": [ 34.72548536241063, 3.759504201352821 ] } },
{ "type": "Feature", "properties": { "im": 0.027 }, "geometry": { "type": "Point", "coordinates": [ 34.726563274410658, 3.759503285352788 ] } },
{ "type": "Feature", "properties": { "im": 0.886 }, "geometry": { "type": "Point", "coordinates": [ 34.722269582410682, 3.759488855352767 ] } },
{ "type": "Feature", "properties": { "im": 0.944 }, "geometry": { "type": "Point", "coordinates": [ 34.72300615341063, 3.759488228352803 ] } },
{ "type": "Feature", "properties": { "im": 0.989 }, "geometry": { "type": "Point", "coordinates": [ 34.723868481410726, 3.759487494352835 ] } },
{ "type": "Feature", "properties": { "im": 0.988 }, "geometry": { "type": "Point", "coordinates": [ 34.724946391410718, 3.759486578352858 ] } },
{ "type": "Feature", "properties": { "im": 0.992 }, "geometry": { "type": "Point", "coordinates": [ 34.726383606410728, 3.759485356352764 ] } },
{ "type": "Feature", "properties": { "im": 0.811 }, "geometry": { "type": "Point", "coordinates": [ 34.721532995410733, 3.759471400352846 ] } },
{ "type": "Feature", "properties": { "im": 0.506 }, "geometry": { "type": "Point", "coordinates": [ 34.723113929410623, 3.759470054352813 ] } },
{ "type": "Feature", "properties": { "im": 0.992 }, "geometry": { "type": "Point", "coordinates": [ 34.723239685410725, 3.759469947352808 ] } },
{ "type": "Feature", "properties": { "im": 0.742 }, "geometry": { "type": "Point", "coordinates": [ 34.723491197410588, 3.759469733352797 ] } },
{ "type": "Feature", "properties": { "im": 0.95 }, "geometry": { "type": "Point", "coordinates": [ 34.723760675410709, 3.759469504352774 ] } },
{ "type": "Feature", "properties": { "im": 0.954 }, "geometry": { "type": "Point", "coordinates": [ 34.724676898410529, 3.75946872535277 ] } },
{ "type": "Feature", "properties": { "im": 0.997 }, "geometry": { "type": "Point", "coordinates": [ 34.725269749410664, 3.759468221352757 ] } },
{ "type": "Feature", "properties": { "im": 0.999 }, "geometry": { "type": "Point", "coordinates": [ 34.725395506410699, 3.759468114352809 ] } },
{ "type": "Feature", "properties": { "im": 0.946 }, "geometry": { "type": "Point", "coordinates": [ 34.726724930410704, 3.759466985352812 ] } },
{ "type": "Feature", "properties": { "im": 0.998 }, "geometry": { "type": "Point", "coordinates": [ 34.721317399410701, 3.75945350235278 ] } },
{ "type": "Feature", "properties": { "im": 0.271 }, "geometry": { "type": "Point", "coordinates": [ 34.721748562410731, 3.759453135352852 ] } },
{ "type": "Feature", "properties": { "im": 0.981 }, "geometry": { "type": "Point", "coordinates": [ 34.722179725410591, 3.759452768352811 ] } },
{ "type": "Feature", "properties": { "im": 0.881 }, "geometry": { "type": "Point", "coordinates": [ 34.722826471410677, 3.759452217352783 ] } },
{ "type": "Feature", "properties": { "im": 0.999 }, "geometry": { "type": "Point", "coordinates": [ 34.724101998410546, 3.759451132352775 ] } },
{ "type": "Feature", "properties": { "im": 0.927 }, "geometry": { "type": "Point", "coordinates": [ 34.725036187410716, 3.759450338352759 ] } },
{ "type": "Feature", "properties": { "im": 0.725 }, "geometry": { "type": "Point", "coordinates": [ 34.726185959410621, 3.759449361352802 ] } },
{ "type": "Feature", "properties": { "im": 0.993 }, "geometry": { "type": "Point", "coordinates": [ 34.722718665410603, 3.759434228352769 ] } },
{ "type": "Feature", "properties": { "im": 0.994 }, "geometry": { "type": "Point", "coordinates": [ 34.724461286410666, 3.759432745352763 ] } },
{ "type": "Feature", "properties": { "im": 0.944 }, "geometry": { "type": "Point", "coordinates": [ 34.726491352410584, 3.75943102035276 ] } },
{ "type": "Feature", "properties": { "im": 0.74 }, "geometry": { "type": "Point", "coordinates": [ 34.722916266410742, 3.759415978352787 ] } },
{ "type": "Feature", "properties": { "im": 0.972 }, "geometry": { "type": "Point", "coordinates": [ 34.723401326410702, 3.759415565352834 ] } },
{ "type": "Feature", "properties": { "im": 0.892 }, "geometry": { "type": "Point", "coordinates": [ 34.724569062410716, 3.759414572352763 ] } },
{ "type": "Feature", "properties": { "im": 0.984 }, "geometry": { "type": "Point", "coordinates": [ 34.725575112410603, 3.759413717352766 ] } },
{ "type": "Feature", "properties": { "im": 1.0 }, "geometry": { "type": "Point", "coordinates": [ 34.726096103410633, 3.759413274352847 ] } },
{ "type": "Feature", "properties": { "im": 0.998 }, "geometry": { "type": "Point", "coordinates": [ 34.726275755410619, 3.759413121352817 ] } },
{ "type": "Feature", "properties": { "im": 0.997 }, "geometry": { "type": "Point", "coordinates": [ 34.726617093410617, 3.759412831352871 ] } },
{ "type": "Feature", "properties": { "im": 0.283 }, "geometry": { "type": "Point", "coordinates": [ 34.72140717941064, 3.7593991813529 ] } },
{ "type": "Feature", "properties": { "im": 0.612 }, "geometry": { "type": "Point", "coordinates": [ 34.721604795410677, 3.759399012352811 ] } },
{ "type": "Feature", "properties": { "im": 0.993 }, "geometry": { "type": "Point", "coordinates": [ 34.723598927410613, 3.759397315352852 ] } },
{ "type": "Feature", "properties": { "im": 0.986 }, "geometry": { "type": "Point", "coordinates": [ 34.724012126410592, 3.759396964352812 ] } },
{ "type": "Feature", "properties": { "im": 0.984 }, "geometry": { "type": "Point", "coordinates": [ 34.724209743410732, 3.75939679635277 ] } },
{ "type": "Feature", "properties": { "im": 0.953 }, "geometry": { "type": "Point", "coordinates": [ 34.725700853410636, 3.759395528352765 ] } },
{ "type": "Feature", "properties": { "im": 0.997 }, "geometry": { "type": "Point", "coordinates": [ 34.723149783410598, 3.759379616352784 ] } },
{ "type": "Feature", "properties": { "im": 1.0 }, "geometry": { "type": "Point", "coordinates": [ 34.724784614410588, 3.759378225352771 ] } },
{ "type": "Feature", "properties": { "im": 0.853 }, "geometry": { "type": "Point", "coordinates": [ 34.72491037041069, 3.759378118352767 ] } },
{ "type": "Feature", "properties": { "im": 0.675 }, "geometry": { "type": "Point", "coordinates": [ 34.726383516410714, 3.759376866352762 ] } },
{ "type": "Feature", "properties": { "im": 0.967 }, "geometry": { "type": "Point", "coordinates": [ 34.72119156741055, 3.759363201352779 ] } },
{ "type": "Feature", "properties": { "im": 0.989 }, "geometry": { "type": "Point", "coordinates": [ 34.721514939410689, 3.759362926352845 ] } },
{ "type": "Feature", "properties": { "im": 0.996 }, "geometry": { "type": "Point", "coordinates": [ 34.721712556410601, 3.759362757352814 ] } },
{ "type": "Feature", "properties": { "im": 0.743 }, "geometry": { "type": "Point", "coordinates": [ 34.722790465410718, 3.759361840352848 ] } },
{ "type": "Feature", "properties": { "im": 0.92 }, "geometry": { "type": "Point", "coordinates": [ 34.723491106410698, 3.759361244352784 ] } },
{ "type": "Feature", "properties": { "im": 0.991 }, "geometry": { "type": "Point", "coordinates": [ 34.723742618410675, 3.759361030352773 ] } },
{ "type": "Feature", "properties": { "im": 0.988 }, "geometry": { "type": "Point", "coordinates": [ 34.724299539410673, 3.759360556352898 ] } },
{ "type": "Feature", "properties": { "im": 0.844 }, "geometry": { "type": "Point", "coordinates": [ 34.724676807410638, 3.759360235352768 ] } },
{ "type": "Feature", "properties": { "im": 0.993 }, "geometry": { "type": "Point", "coordinates": [ 34.725790649410577, 3.759359288352778 ] } },
{ "type": "Feature", "properties": { "im": 0.999 }, "geometry": { "type": "Point", "coordinates": [ 34.723311439410644, 3.759343315352818 ] } },
{ "type": "Feature", "properties": { "im": 0.934 }, "geometry": { "type": "Point", "coordinates": [ 34.723922255410535, 3.75934279535286 ] } },
{ "type": "Feature", "properties": { "im": 0.998 }, "geometry": { "type": "Point", "coordinates": [ 34.725018131410614, 3.759341863352768 ] } },
{ "type": "Feature", "properties": { "im": 0.755 }, "geometry": { "type": "Point", "coordinates": [ 34.725934355410594, 3.759341085352811 ] } },
{ "type": "Feature", "properties": { "im": 0.79 }, "geometry": { "type": "Point", "coordinates": [ 34.726545172410589, 3.759340566352842 ] } },
{ "type": "Feature", "properties": { "im": 0.984 }, "geometry": { "type": "Point", "coordinates": [ 34.721838281410633, 3.75932648735286 ] } },
{ "type": "Feature", "properties": { "im": 0.944 }, "geometry": { "type": "Point", "coordinates": [ 34.721946072410582, 3.759326395352811 ] } },
{ "type": "Feature", "properties": { "im": 0.859 }, "geometry": { "type": "Point", "coordinates": [ 34.72270060941073, 3.759325753352778 ] } },
{ "type": "Feature", "properties": { "im": 0.975 }, "geometry": { "type": "Point", "coordinates": [ 34.722988051410731, 3.759325509352858 ] } },
{ "type": "Feature", "properties": { "im": 0.973 }, "geometry": { "type": "Point", "coordinates": [ 34.724533056410529, 3.759324194352838 ] } },
{ "type": "Feature", "properties": { "im": 0.985 }, "geometry": { "type": "Point", "coordinates": [ 34.725179802410615, 3.759323644352799 ] } },
{ "type": "Feature", "properties": { "im": 0.978 }, "geometry": { "type": "Point", "coordinates": [ 34.725305558410717, 3.759323537352794 ] } },
{ "type": "Feature", "properties": { "im": 0.999 }, "geometry": { "type": "Point", "coordinates": [ 34.725413350410548, 3.759323446352847 ] } },
{ "type": "Feature", "properties": { "im": 0.996 }, "geometry": { "type": "Point", "coordinates": [ 34.725628932410608, 3.75932326335285 ] } },
{ "type": "Feature", "properties": { "im": 0.648 }, "geometry": { "type": "Point", "coordinates": [ 34.723221583410655, 3.759307228352863 ] } },
{ "type": "Feature", "properties": { "im": 0.945 }, "geometry": { "type": "Point", "coordinates": [ 34.726257698410585, 3.759304646352827 ] } },
{ "type": "Feature", "properties": { "im": 0.984 }, "geometry": { "type": "Point", "coordinates": [ 34.7264553164106, 3.759304479352774 ] } },
{ "type": "Feature", "properties": { "im": 0.984 }, "geometry": { "type": "Point", "coordinates": [ 34.726688863410651, 3.759304280352775 ] } },
{ "type": "Feature", "properties": { "im": 0.991 }, "geometry": { "type": "Point", "coordinates": [ 34.721353192410696, 3.759290737352809 ] } },
{ "type": "Feature", "properties": { "im": 0.997 }, "geometry": { "type": "Point", "coordinates": [ 34.722862265410605, 3.759289452352812 ] } },
{ "type": "Feature", "properties": { "im": 1.0 }, "geometry": { "type": "Point", "coordinates": [ 34.724173722410647, 3.759288336352792 ] } },
{ "type": "Feature", "properties": { "im": 0.994 }, "geometry": { "type": "Point", "coordinates": [ 34.72437133941056, 3.759288168352863 ] } },
{ "type": "Feature", "properties": { "im": 0.938 }, "geometry": { "type": "Point", "coordinates": [ 34.726024136410636, 3.759286763352772 ] } },
{ "type": "Feature", "properties": { "im": 0.979 }, "geometry": { "type": "Point", "coordinates": [ 34.721586724410678, 3.759272457352802 ] } },
{ "type": "Feature", "properties": { "im": 0.981 }, "geometry": { "type": "Point", "coordinates": [ 34.723131727410667, 3.759271141352793 ] } },
{ "type": "Feature", "properties": { "im": 0.935 }, "geometry": { "type": "Point", "coordinates": [ 34.723455100410739, 3.75927086635286 ] } },
{ "type": "Feature", "properties": { "im": 0.954 }, "geometry": { "type": "Point", "coordinates": [ 34.724622836410695, 3.759269873352789 ] } },
{ "type": "Feature", "properties": { "im": 0.991 }, "geometry": { "type": "Point", "coordinates": [ 34.724730627410644, 3.759269781352852 ] } },
{ "type": "Feature", "properties": { "im": 0.64 }, "geometry": { "type": "Point", "coordinates": [ 34.726347494410582, 3.75926840735283 ] } },
{ "type": "Feature", "properties": { "im": 0.978 }, "geometry": { "type": "Point", "coordinates": [ 34.721478918410604, 3.759254467352913 ] } },
{ "type": "Feature", "properties": { "im": 0.998 }, "geometry": { "type": "Point", "coordinates": [ 34.722017872410639, 3.759254008352879 ] } },
{ "type": "Feature", "properties": { "im": 0.742 }, "geometry": { "type": "Point", "coordinates": [ 34.723562876410732, 3.759252693352859 ] } },
{ "type": "Feature", "properties": { "im": 0.994 }, "geometry": { "type": "Point", "coordinates": [ 34.723886249410576, 3.759252418352924 ] } },
{ "type": "Feature", "properties": { "im": 0.989 }, "geometry": { "type": "Point", "coordinates": [ 34.724083865410613, 3.759252250352826 ] } },
{ "type": "Feature", "properties": { "im": 0.988 }, "geometry": { "type": "Point", "coordinates": [ 34.724281482410696, 3.759252082352897 ] } },
{ "type": "Feature", "properties": { "im": 1.0 }, "geometry": { "type": "Point", "coordinates": [ 34.724910264410674, 3.759251547352756 ] } },
{ "type": "Feature", "properties": { "im": 0.996 }, "geometry": { "type": "Point", "coordinates": [ 34.725107881410587, 3.759251379352771 ] } },
{ "type": "Feature", "properties": { "im": 0.999 }, "geometry": { "type": "Point", "coordinates": [ 34.725700732410722, 3.759250875352814 ] } },
{ "type": "Feature", "properties": { "im": 0.975 }, "geometry": { "type": "Point", "coordinates": [ 34.722772393410615, 3.75923528435285 ] } },
{ "type": "Feature", "properties": { "im": 0.968 }, "geometry": { "type": "Point", "coordinates": [ 34.723347278410664, 3.759234795352791 ] } },
{ "type": "Feature", "properties": { "im": 0.893 }, "geometry": { "type": "Point", "coordinates": [ 34.723778442410627, 3.759234428352864 ] } },
{ "type": "Feature", "properties": { "im": 0.967 }, "geometry": { "type": "Point", "coordinates": [ 34.724461119410726, 3.759233847352812 ] } },
{ "type": "Feature", "properties": { "im": 0.966 }, "geometry": { "type": "Point", "coordinates": [ 34.725898334410736, 3.759232625352776 ] } },
{ "type": "Feature", "properties": { "im": 0.99 }, "geometry": { "type": "Point", "coordinates": [ 34.726581011410609, 3.75923204535277 ] } },
{ "type": "Feature", "properties": { "im": 0.939 }, "geometry": { "type": "Point", "coordinates": [ 34.721281271410724, 3.759218472352781 ] } },
{ "type": "Feature", "properties": { "im": 0.968 }, "geometry": { "type": "Point", "coordinates": [ 34.721712434410584, 3.759218105352853 ] } },
{ "type": "Feature", "properties": { "im": 0.514 }, "geometry": { "type": "Point", "coordinates": [ 34.721928016410651, 3.75921792135281 ] } },
{ "type": "Feature", "properties": { "im": 0.986 }, "geometry": { "type": "Point", "coordinates": [ 34.723652671410626, 3.759216453352817 ] } },
{ "type": "Feature", "properties": { "im": 0.868 }, "geometry": { "type": "Point", "coordinates": [ 34.723976044410641, 3.759216178352768 ] } },
{ "type": "Feature", "properties": { "im": 0.9 }, "geometry": { "type": "Point", "coordinates": [ 34.72482040741064, 3.759215460352801 ] } },
{ "type": "Feature", "properties": { "im": 0.989 }, "geometry": { "type": "Point", "coordinates": [ 34.725000059410739, 3.759215307352771 ] } },
{ "type": "Feature", "properties": { "im": 0.984 }, "geometry": { "type": "Point", "coordinates": [ 34.725503084410683, 3.759214879352863 ] } },
{ "type": "Feature", "properties": { "im": 0.759 }, "geometry": { "type": "Point", "coordinates": [ 34.725610876410734, 3.759214788352916 ] } },
{ "type": "Feature", "properties": { "im": 0.999 }, "geometry": { "type": "Point", "coordinates": [ 34.723221492410595, 3.75919873835286 ] } },
{ "type": "Feature", "properties": { "im": 0.829 }, "geometry": { "type": "Point", "coordinates": [ 34.725287487410718, 3.759196981352797 ] } },
{ "type": "Feature", "properties": { "im": 0.945 }, "geometry": { "type": "Point", "coordinates": [ 34.725790512410661, 3.759196554352764 ] } },
{ "type": "Feature", "properties": { "im": 0.957 }, "geometry": { "type": "Point", "coordinates": [ 34.721191415410736, 3.759182385352825 ] } },
{ "type": "Feature", "properties": { "im": 0.912 }, "geometry": { "type": "Point", "coordinates": [ 34.721371066410562, 3.759182232352794 ] } },
{ "type": "Feature", "properties": { "im": 0.945 }, "geometry": { "type": "Point", "coordinates": [ 34.721838160410663, 3.759181834352854 ] } },
{ "type": "Feature", "properties": { "im": 0.981 }, "geometry": { "type": "Point", "coordinates": [ 34.722664557410575, 3.759181131352785 ] } },
{ "type": "Feature", "properties": { "im": 0.998 }, "geometry": { "type": "Point", "coordinates": [ 34.725179681410701, 3.759178991352793 ] } },
{ "type": "Feature", "properties": { "im": 0.852 }, "geometry": { "type": "Point", "coordinates": [ 34.722071691410548, 3.759163554352791 ] } },
{ "type": "Feature", "properties": { "im": 0.99 }, "geometry": { "type": "Point", "coordinates": [ 34.722987914410588, 3.759162774352797 ] } },
{ "type": "Feature", "properties": { "im": 0.956 }, "geometry": { "type": "Point", "coordinates": [ 34.724532919410613, 3.759161459352777 ] } },
{ "type": "Feature", "properties": { "im": 0.965 }, "geometry": { "type": "Point", "coordinates": [ 34.725377283410658, 3.75916074135281 ] } },
{ "type": "Feature", "properties": { "im": 0.934 }, "geometry": { "type": "Point", "coordinates": [ 34.726113856410585, 3.759160115352837 ] } },
{ "type": "Feature", "properties": { "im": 0.358 }, "geometry": { "type": "Point", "coordinates": [ 34.72147882641061, 3.75914597735291 ] } },
{ "type": "Feature", "properties": { "im": 0.992 }, "geometry": { "type": "Point", "coordinates": [ 34.721622548410629, 3.759145855352837 ] } },
{ "type": "Feature", "properties": { "im": 0.998 }, "geometry": { "type": "Point", "coordinates": [ 34.723437028410636, 3.759144310352862 ] } },
{ "type": "Feature", "properties": { "im": 0.993 }, "geometry": { "type": "Point", "coordinates": [ 34.723562784410738, 3.759144203352856 ] } },
{ "type": "Feature", "properties": { "im": 0.912 }, "geometry": { "type": "Point", "coordinates": [ 34.723832262410632, 3.759143974352833 ] } },
{ "type": "Feature", "properties": { "im": 0.998 }, "geometry": { "type": "Point", "coordinates": [ 34.724047844410528, 3.759143790352903 ] } },
{ "type": "Feature", "properties": { "im": 0.99 }, "geometry": { "type": "Point", "coordinates": [ 34.72417360041063, 3.759143683352899 ] } },
{ "type": "Feature", "properties": { "im": 0.962 }, "geometry": { "type": "Point", "coordinates": [ 34.724910173410549, 3.759143057352868 ] } },
{ "type": "Feature", "properties": { "im": 0.931 }, "geometry": { "type": "Point", "coordinates": [ 34.72508982441061, 3.759142904352838 ] } },
{ "type": "Feature", "properties": { "im": 0.936 }, "geometry": { "type": "Point", "coordinates": [ 34.727137857410717, 3.759141164352764 ] } },
{ "type": "Feature", "properties": { "im": 0.928 }, "geometry": { "type": "Point", "coordinates": [ 34.722377069410605, 3.759127131352865 ] } },
{ "type": "Feature", "properties": { "im": 0.976 }, "geometry": { "type": "Point", "coordinates": [ 34.722880093410673, 3.759126702352911 ] } },
{ "type": "Feature", "properties": { "im": 0.879 }, "geometry": { "type": "Point", "coordinates": [ 34.724317306410647, 3.759125480352817 ] } },
{ "type": "Feature", "properties": { "im": 0.989 }, "geometry": { "type": "Point", "coordinates": [ 34.724640680410594, 3.759125204352781 ] } },
{ "type": "Feature", "properties": { "im": 0.993 }, "geometry": { "type": "Point", "coordinates": [ 34.72478440141068, 3.759125082352762 ] } },
{ "type": "Feature", "properties": { "im": 0.486 }, "geometry": { "type": "Point", "coordinates": [ 34.725467078410723, 3.759124502352758 ] } },
{ "type": "Feature", "properties": { "im": 0.984 }, "geometry": { "type": "Point", "coordinates": [ 34.726652781410699, 3.759123494352845 ] } },
{ "type": "Feature", "properties": { "im": 0.969 }, "geometry": { "type": "Point", "coordinates": [ 34.721281179410674, 3.759109982352778 ] } },
{ "type": "Feature", "properties": { "im": 0.997 }, "geometry": { "type": "Point", "coordinates": [ 34.723311242410738, 3.759108254352805 ] } },
{ "type": "Feature", "properties": { "im": 0.993 }, "geometry": { "type": "Point", "coordinates": [ 34.724999968410621, 3.759106817352769 ] } },
{ "type": "Feature", "properties": { "im": 0.951 }, "geometry": { "type": "Point", "coordinates": [ 34.725251481410588, 3.759106603352758 ] } },
{ "type": "Feature", "properties": { "im": 0.969 }, "geometry": { "type": "Point", "coordinates": [ 34.725646715410583, 3.759106267352844 ] } },
{ "type": "Feature", "properties": { "im": 0.882 }, "geometry": { "type": "Point", "coordinates": [ 34.725754506410702, 3.75910617635284 ] } },
{ "type": "Feature", "properties": { "im": 0.99 }, "geometry": { "type": "Point", "coordinates": [ 34.72586229741065, 3.75910608435279 ] } },
{ "type": "Feature", "properties": { "im": 0.981 }, "geometry": { "type": "Point", "coordinates": [ 34.721945875410618, 3.759091335352844 ] } },
{ "type": "Feature", "properties": { "im": 0.955 }, "geometry": { "type": "Point", "coordinates": [ 34.723149540410667, 3.759090310352771 ] } },
{ "type": "Feature", "properties": { "im": 0.996 }, "geometry": { "type": "Point", "coordinates": [ 34.725988038410684, 3.759087896352833 ] } },
{ "type": "Feature", "properties": { "im": 0.954 }, "geometry": { "type": "Point", "coordinates": [ 34.726239551410593, 3.75908768235288 ] } },
{ "type": "Feature", "properties": { "im": 0.805 }, "geometry": { "type": "Point", "coordinates": [ 34.727227638410589, 3.759086842352839 ] } },
{ "type": "Feature", "properties": { "im": 0.974 }, "geometry": { "type": "Point", "coordinates": [ 34.721406905410639, 3.759073712352882 ] } },
{ "type": "Feature", "properties": { "im": 0.893 }, "geometry": { "type": "Point", "coordinates": [ 34.721550626410725, 3.759073590352808 ] } },
{ "type": "Feature", "properties": { "im": 0.971 }, "geometry": { "type": "Point", "coordinates": [ 34.721766208410621, 3.759073406352765 ] } },
{ "type": "Feature", "properties": { "im": 0.973 }, "geometry": { "type": "Point", "coordinates": [ 34.723706445410663, 3.759071754352898 ] } },
{ "type": "Feature", "properties": { "im": 0.972 }, "geometry": { "type": "Point", "coordinates": [ 34.72392202741073, 3.759071571352786 ] } },
{ "type": "Feature", "properties": { "im": 0.86 }, "geometry": { "type": "Point", "coordinates": [ 34.723401022410677, 3.759053933352869 ] } },
{ "type": "Feature", "properties": { "im": 0.957 }, "geometry": { "type": "Point", "coordinates": [ 34.723508813410625, 3.759053841352762 ] } },
{ "type": "Feature", "properties": { "im": 0.981 }, "geometry": { "type": "Point", "coordinates": [ 34.724407072410621, 3.75905307735277 ] } },
{ "type": "Feature", "properties": { "im": 0.353 }, "geometry": { "type": "Point", "coordinates": [ 34.725395157410581, 3.759052236352797 ] } },
{ "type": "Feature", "properties": { "im": 0.944 }, "geometry": { "type": "Point", "coordinates": [ 34.727083886410604, 3.759050801352851 ] } },
{ "type": "Feature", "properties": { "im": 0.963 }, "geometry": { "type": "Point", "coordinates": [ 34.727317433410654, 3.759050603352843 ] } },
{ "type": "Feature", "properties": { "im": 0.998 }, "geometry": { "type": "Point", "coordinates": [ 34.72305966941061, 3.759036141352818 ] } },
{ "type": "Feature", "properties": { "im": 0.959 }, "geometry": { "type": "Point", "coordinates": [ 34.724065718410621, 3.759035285352832 ] } },
{ "type": "Feature", "properties": { "im": 0.908 }, "geometry": { "type": "Point", "coordinates": [ 34.724532813410597, 3.759034888352768 ] } },
{ "type": "Feature", "properties": { "im": 0.992 }, "geometry": { "type": "Point", "coordinates": [ 34.725520898410558, 3.759034048352783 ] } },
{ "type": "Feature", "properties": { "im": 0.984 }, "geometry": { "type": "Point", "coordinates": [ 34.726329332410693, 3.75903336135283 ] } },
{ "type": "Feature", "properties": { "im": 0.924 }, "geometry": { "type": "Point", "coordinates": [ 34.72115534741058, 3.759019681352778 ] } },
{ "type": "Feature", "properties": { "im": 0.968 }, "geometry": { "type": "Point", "coordinates": [ 34.722359012410628, 3.75901865635276 ] } },
{ "type": "Feature", "properties": { "im": 0.991 }, "geometry": { "type": "Point", "coordinates": [ 34.724209424410581, 3.759017081352818 ] } },
{ "type": "Feature", "properties": { "im": 0.996 }, "geometry": { "type": "Point", "coordinates": [ 34.724658554410631, 3.759016699352765 ] } },
{ "type": "Feature", "properties": { "im": 0.94 }, "geometry": { "type": "Point", "coordinates": [ 34.725179544410558, 3.759016256352846 ] } },
{ "type": "Feature", "properties": { "im": 1.0 }, "geometry": { "type": "Point", "coordinates": [ 34.726059839410674, 3.759015508352799 ] } },
{ "type": "Feature", "properties": { "im": 0.956 }, "geometry": { "type": "Point", "coordinates": [ 34.727407229410595, 3.759014363352856 ] } },
{ "type": "Feature", "properties": { "im": 0.988 }, "geometry": { "type": "Point", "coordinates": [ 34.721981729410594, 3.759000896352826 ] } },
{ "type": "Feature", "properties": { "im": 0.959 }, "geometry": { "type": "Point", "coordinates": [ 34.723275220410549, 3.758999795352817 ] } },
{ "type": "Feature", "properties": { "im": 0.977 }, "geometry": { "type": "Point", "coordinates": [ 34.723598593410621, 3.75899951935278 ] } },
{ "type": "Feature", "properties": { "im": 0.992 }, "geometry": { "type": "Point", "coordinates": [ 34.725035807410698, 3.758998297352856 ] } },
{ "type": "Feature", "properties": { "im": 0.277 }, "geometry": { "type": "Point", "coordinates": [ 34.725682554410604, 3.758997747352817 ] } },
{ "type": "Feature", "properties": { "im": 0.958 }, "geometry": { "type": "Point", "coordinates": [ 34.725790345410552, 3.758997655352824 ] } },
{ "type": "Feature", "properties": { "im": 0.994 }, "geometry": { "type": "Point", "coordinates": [ 34.726167615410723, 3.758997335352797 ] } },
{ "type": "Feature", "properties": { "im": 0.991 }, "geometry": { "type": "Point", "coordinates": [ 34.726994014410614, 3.7589966323529 ] } },
{ "type": "Feature", "properties": { "im": 0.442 }, "geometry": { "type": "Point", "coordinates": [ 34.721029561410681, 3.75898362535278 ] } },
{ "type": "Feature", "properties": { "im": 0.997 }, "geometry": { "type": "Point", "coordinates": [ 34.722484738410706, 3.758982386352808 ] } },
{ "type": "Feature", "properties": { "im": 0.98 }, "geometry": { "type": "Point", "coordinates": [ 34.7238860214106, 3.758981193352863 ] } },
{ "type": "Feature", "properties": { "im": 0.962 }, "geometry": { "type": "Point", "coordinates": [ 34.725323235410677, 3.758979971352769 ] } },
{ "type": "Feature", "properties": { "im": 0.986 }, "geometry": { "type": "Point", "coordinates": [ 34.726490973410613, 3.758978978352867 ] } },
{ "type": "Feature", "properties": { "im": 0.979 }, "geometry": { "type": "Point", "coordinates": [ 34.727155686410661, 3.758978413352816 ] } },
{ "type": "Feature", "properties": { "im": 0.719 }, "geometry": { "type": "Point", "coordinates": [ 34.72151460541064, 3.758965131352762 ] } },
{ "type": "Feature", "properties": { "im": 0.977 }, "geometry": { "type": "Point", "coordinates": [ 34.721694256410693, 3.758964977352856 ] } },
{ "type": "Feature", "properties": { "im": 0.983 }, "geometry": { "type": "Point", "coordinates": [ 34.721873908410622, 3.758964824352768 ] } },
{ "type": "Feature", "properties": { "im": 0.994 }, "geometry": { "type": "Point", "coordinates": [ 34.722251176410587, 3.758964503352809 ] } },
{ "type": "Feature", "properties": { "im": 0.906 }, "geometry": { "type": "Point", "coordinates": [ 34.723185364410618, 3.758963708352861 ] } },
{ "type": "Feature", "properties": { "im": 0.649 }, "geometry": { "type": "Point", "coordinates": [ 34.723688389410732, 3.758963280352783 ] } },
{ "type": "Feature", "properties": { "im": 0.981 }, "geometry": { "type": "Point", "coordinates": [ 34.724317170410608, 3.758962745352756 ] } },
{ "type": "Feature", "properties": { "im": 0.984 }, "geometry": { "type": "Point", "coordinates": [ 34.724856125410575, 3.758962286352836 ] } },
{ "type": "Feature", "properties": { "im": 0.994 }, "geometry": { "type": "Point", "coordinates": [ 34.723454826410681, 3.758945397352842 ] } },
{ "type": "Feature", "properties": { "im": 0.904 }, "geometry": { "type": "Point", "coordinates": [ 34.724730354410518, 3.758944312352833 ] } },
{ "type": "Feature", "properties": { "im": 0.922 }, "geometry": { "type": "Point", "coordinates": [ 34.725448961410585, 3.758943701352872 ] } },
{ "type": "Feature", "properties": { "im": 0.988 }, "geometry": { "type": "Point", "coordinates": [ 34.725951987410632, 3.758943273352851 ] } },
{ "type": "Feature", "properties": { "im": 1.0 }, "geometry": { "type": "Point", "coordinates": [ 34.727317342410707, 3.75894211335284 ] } },
{ "type": "Feature", "properties": { "im": 0.874 }, "geometry": { "type": "Point", "coordinates": [ 34.721316958410533, 3.7589291363528 ] } },
{ "type": "Feature", "properties": { "im": 0.966 }, "geometry": { "type": "Point", "coordinates": [ 34.721604400410705, 3.75892889135289 ] } },
{ "type": "Feature", "properties": { "im": 0.986 }, "geometry": { "type": "Point", "coordinates": [ 34.724011731410677, 3.758926841352798 ] } },
{ "type": "Feature", "properties": { "im": 0.562 }, "geometry": { "type": "Point", "coordinates": [ 34.724137488410712, 3.758926734352793 ] } },
{ "type": "Feature", "properties": { "im": 0.995 }, "geometry": { "type": "Point", "coordinates": [ 34.726293310410732, 3.758924901352851 ] } },
{ "type": "Feature", "properties": { "im": 0.983 }, "geometry": { "type": "Point", "coordinates": [ 34.726401102410549, 3.758924809352801 ] } },
{ "type": "Feature", "properties": { "im": 0.8 }, "geometry": { "type": "Point", "coordinates": [ 34.727640701410529, 3.758923756352909 ] } },
{ "type": "Feature", "properties": { "im": 0.99 }, "geometry": { "type": "Point", "coordinates": [ 34.72142473341065, 3.75891096235281 ] } },
{ "type": "Feature", "properties": { "im": 0.121 }, "geometry": { "type": "Point", "coordinates": [ 34.722412817410735, 3.75891012135278 ] } },
{ "type": "Feature", "properties": { "im": 0.847 }, "geometry": { "type": "Point", "coordinates": [ 34.722574503410577, 3.758909983352761 ] } },
{ "type": "Feature", "properties": { "im": 0.996 }, "geometry": { "type": "Point", "coordinates": [ 34.723311075410628, 3.758909356352798 ] } },
{ "type": "Feature", "properties": { "im": 0.995 }, "geometry": { "type": "Point", "coordinates": [ 34.723544622410678, 3.758909157352856 ] } },
{ "type": "Feature", "properties": { "im": 0.998 }, "geometry": { "type": "Point", "coordinates": [ 34.724550672410565, 3.758908301352871 ] } },
{ "type": "Feature", "properties": { "im": 0.975 }, "geometry": { "type": "Point", "coordinates": [ 34.725628583410717, 3.758907385352781 ] } },
{ "type": "Feature", "properties": { "im": 0.98 }, "geometry": { "type": "Point", "coordinates": [ 34.726113643410677, 3.758906972352771 ] } },
{ "type": "Feature", "properties": { "im": 0.941 }, "geometry": { "type": "Point", "coordinates": [ 34.727083764410587, 3.758906148352788 ] } },
{ "type": "Feature", "properties": { "im": 0.973 }, "geometry": { "type": "Point", "coordinates": [ 34.727425103410631, 3.758905858352786 ] } },
{ "type": "Feature", "properties": { "im": 0.962 }, "geometry": { "type": "Point", "coordinates": [ 34.721083380410583, 3.758893171352862 ] } },
{ "type": "Feature", "properties": { "im": 0.991 }, "geometry": { "type": "Point", "coordinates": [ 34.721191171410702, 3.758893080352858 ] } },
{ "type": "Feature", "properties": { "im": 1.0 }, "geometry": { "type": "Point", "coordinates": [ 34.721945707410633, 3.758892437352893 ] } },
{ "type": "Feature", "properties": { "im": 0.983 }, "geometry": { "type": "Point", "coordinates": [ 34.723778154410603, 3.75889087735285 ] } },
{ "type": "Feature", "properties": { "im": 0.98 }, "geometry": { "type": "Point", "coordinates": [ 34.725197403410526, 3.758889669352778 ] } },
{ "type": "Feature", "properties": { "im": 0.991 }, "geometry": { "type": "Point", "coordinates": [ 34.720957609410583, 3.758875197352803 ] } },
{ "type": "Feature", "properties": { "im": 0.988 }, "geometry": { "type": "Point", "coordinates": [ 34.722322960410644, 3.758874034352881 ] } },
{ "type": "Feature", "properties": { "im": 0.982 }, "geometry": { "type": "Point", "coordinates": [ 34.722664298410642, 3.758873743352775 ] } },
{ "type": "Feature", "properties": { "im": 0.988 }, "geometry": { "type": "Point", "coordinates": [ 34.724460815410701, 3.758872214352801 ] } },
{ "type": "Feature", "properties": { "im": 0.982 }, "geometry": { "type": "Point", "coordinates": [ 34.724927910410734, 3.758871817352794 ] } },
{ "type": "Feature", "properties": { "im": 0.988 }, "geometry": { "type": "Point", "coordinates": [ 34.725359075410573, 3.758871450352866 ] } },
{ "type": "Feature", "properties": { "im": 0.997 }, "geometry": { "type": "Point", "coordinates": [ 34.725790239410593, 3.758871084352815 ] } },
{ "type": "Feature", "properties": { "im": 0.595 }, "geometry": { "type": "Point", "coordinates": [ 34.721694165410575, 3.758856488352786 ] } },
{ "type": "Feature", "properties": { "im": 0.992 }, "geometry": { "type": "Point", "coordinates": [ 34.721801956410694, 3.758856396352849 ] } },
{ "type": "Feature", "properties": { "im": 0.915 }, "geometry": { "type": "Point", "coordinates": [ 34.722861900410656, 3.758855493352792 ] } },
{ "type": "Feature", "properties": { "im": 0.909 }, "geometry": { "type": "Point", "coordinates": [ 34.723221203410638, 3.758855188352835 ] } },
{ "type": "Feature", "properties": { "im": 0.913 }, "geometry": { "type": "Point", "coordinates": [ 34.723867949410668, 3.758854637352807 ] } },
{ "type": "Feature", "properties": { "im": 0.972 }, "geometry": { "type": "Point", "coordinates": [ 34.724676382410699, 3.758853949352807 ] } },
{ "type": "Feature", "properties": { "im": 0.987 }, "geometry": { "type": "Point", "coordinates": [ 34.725089582410611, 3.758853598352768 ] } },
{ "type": "Feature", "properties": { "im": 0.586 }, "geometry": { "type": "Point", "coordinates": [ 34.7269938934107, 3.758851979352836 ] } },
{ "type": "Feature", "properties": { "im": 0.998 }, "geometry": { "type": "Point", "coordinates": [ 34.727173545410629, 3.758851826352806 ] } },
{ "type": "Feature", "properties": { "im": 0.475 }, "geometry": { "type": "Point", "coordinates": [ 34.721280951410698, 3.758838758352819 ] } },
{ "type": "Feature", "properties": { "im": 0.933 }, "geometry": { "type": "Point", "coordinates": [ 34.721532463410732, 3.758838544352809 ] } },
{ "type": "Feature", "properties": { "im": 0.932 }, "geometry": { "type": "Point", "coordinates": [ 34.722502582410605, 3.758837718352789 ] } },
{ "type": "Feature", "properties": { "im": 0.981 }, "geometry": { "type": "Point", "coordinates": [ 34.723418805410653, 3.758836938352852 ] } },
{ "type": "Feature", "properties": { "im": 0.911 }, "geometry": { "type": "Point", "coordinates": [ 34.723670317410686, 3.7588367243529 ] } },
{ "type": "Feature", "properties": { "im": 0.972 }, "geometry": { "type": "Point", "coordinates": [ 34.724083516410666, 3.75883637235287 ] } },
{ "type": "Feature", "properties": { "im": 0.997 }, "geometry": { "type": "Point", "coordinates": [ 34.724191307410614, 3.758836280352762 ] } },
{ "type": "Feature", "properties": { "im": 0.997 }, "geometry": { "type": "Point", "coordinates": [ 34.725969861410668, 3.758834768352837 ] } },
{ "type": "Feature", "properties": { "im": 0.997 }, "geometry": { "type": "Point", "coordinates": [ 34.727568764410726, 3.758833409352827 ] } },
{ "type": "Feature", "properties": { "im": 0.858 }, "geometry": { "type": "Point", "coordinates": [ 34.727694521410591, 3.758833302352822 ] } },
{ "type": "Feature", "properties": { "im": 0.932 }, "geometry": { "type": "Point", "coordinates": [ 34.72138872741052, 3.758820585352817 ] } },
{ "type": "Feature", "properties": { "im": 0.956 }, "geometry": { "type": "Point", "coordinates": [ 34.724335013410574, 3.758818076352806 ] } },
{ "type": "Feature", "properties": { "im": 0.947 }, "geometry": { "type": "Point", "coordinates": [ 34.724784143410623, 3.758817694352923 ] } },
{ "type": "Feature", "properties": { "im": 0.995 }, "geometry": { "type": "Point", "coordinates": [ 34.72526920341064, 3.75881728235279 ] } },
{ "type": "Feature", "properties": { "im": 0.996 }, "geometry": { "type": "Point", "coordinates": [ 34.725484785410707, 3.758817098352802 ] } },
{ "type": "Feature", "properties": { "im": 0.972 }, "geometry": { "type": "Point", "coordinates": [ 34.726077637410718, 3.758816594352846 ] } },
{ "type": "Feature", "properties": { "im": 0.996 }, "geometry": { "type": "Point", "coordinates": [ 34.726293219410614, 3.758816411352905 ] } },
{ "type": "Feature", "properties": { "im": 0.795 }, "geometry": { "type": "Point", "coordinates": [ 34.726418976410649, 3.758816304352901 ] } },
{ "type": "Feature", "properties": { "im": 0.898 }, "geometry": { "type": "Point", "coordinates": [ 34.727371132410518, 3.758815495352759 ] } },
{ "type": "Feature", "properties": { "im": 0.956 }, "geometry": { "type": "Point", "coordinates": [ 34.727802297410584, 3.758815129352821 ] } },
{ "type": "Feature", "properties": { "im": 0.835 }, "geometry": { "type": "Point", "coordinates": [ 34.723544531410731, 3.758800667352853 ] } },
{ "type": "Feature", "properties": { "im": 0.673 }, "geometry": { "type": "Point", "coordinates": [ 34.725700353410581, 3.758798834352798 ] } },
{ "type": "Feature", "properties": { "im": 0.997 }, "geometry": { "type": "Point", "coordinates": [ 34.720885673410656, 3.758784850352777 ] } },
{ "type": "Feature", "properties": { "im": 0.763 }, "geometry": { "type": "Point", "coordinates": [ 34.721891721410564, 3.758783993352802 ] } },
{ "type": "Feature", "properties": { "im": 0.946 }, "geometry": { "type": "Point", "coordinates": [ 34.722286954410684, 3.758783656352786 ] } },
{ "type": "Feature", "properties": { "im": 0.979 }, "geometry": { "type": "Point", "coordinates": [ 34.722592362410545, 3.758783396352864 ] } },
{ "type": "Feature", "properties": { "im": 0.982 }, "geometry": { "type": "Point", "coordinates": [ 34.722789978410582, 3.758783228352764 ] } },
{ "type": "Feature", "properties": { "im": 0.971 }, "geometry": { "type": "Point", "coordinates": [ 34.722951665410697, 3.758783090352802 ] } },
{ "type": "Feature", "properties": { "im": 1.0 }, "geometry": { "type": "Point", "coordinates": [ 34.723975680410625, 3.758782219352919 ] } },
{ "type": "Feature", "properties": { "im": 0.976 }, "geometry": { "type": "Point", "coordinates": [ 34.724891904410605, 3.758781439352869 ] } },
{ "type": "Feature", "properties": { "im": 0.662 }, "geometry": { "type": "Point", "coordinates": [ 34.725844059410598, 3.758780630352784 ] } },
{ "type": "Feature", "properties": { "im": 0.999 }, "geometry": { "type": "Point", "coordinates": [ 34.72726331041067, 3.758779423352759 ] } },
{ "type": "Feature", "properties": { "im": 0.999 }, "geometry": { "type": "Point", "coordinates": [ 34.727892093410581, 3.758778889352835 ] } },
{ "type": "Feature", "properties": { "im": 0.999 }, "geometry": { "type": "Point", "coordinates": [ 34.7210473444106, 3.758766631352808 ] } },
{ "type": "Feature", "properties": { "im": 0.972 }, "geometry": { "type": "Point", "coordinates": [ 34.721658159410616, 3.758766110352918 ] } },
{ "type": "Feature", "properties": { "im": 0.99 }, "geometry": { "type": "Point", "coordinates": [ 34.722430660410701, 3.758765452352772 ] } },
{ "type": "Feature", "properties": { "im": 0.608 }, "geometry": { "type": "Point", "coordinates": [ 34.724514620410638, 3.75876367935282 ] } },
{ "type": "Feature", "properties": { "im": 0.993 }, "geometry": { "type": "Point", "coordinates": [ 34.726921956410671, 3.75876163235281 ] } },
{ "type": "Feature", "properties": { "im": 0.973 }, "geometry": { "type": "Point", "coordinates": [ 34.727029747410619, 3.758761540352817 ] } },
{ "type": "Feature", "properties": { "im": 0.988 }, "geometry": { "type": "Point", "coordinates": [ 34.721191050410617, 3.758748427352795 ] } },
{ "type": "Feature", "properties": { "im": 0.942 }, "geometry": { "type": "Point", "coordinates": [ 34.722197098410525, 3.75874757035282 ] } },
{ "type": "Feature", "properties": { "im": 0.992 }, "geometry": { "type": "Point", "coordinates": [ 34.723634311410727, 3.758746346352804 ] } },
{ "type": "Feature", "properties": { "im": 0.983 }, "geometry": { "type": "Point", "coordinates": [ 34.724406813410688, 3.75874568935276 ] } },
{ "type": "Feature", "properties": { "im": 0.995 }, "geometry": { "type": "Point", "coordinates": [ 34.725610481410591, 3.758744665352845 ] } },
{ "type": "Feature", "properties": { "im": 0.975 }, "geometry": { "type": "Point", "coordinates": [ 34.726185367410572, 3.758744176352788 ] } },
{ "type": "Feature", "properties": { "im": 0.945 }, "geometry": { "type": "Point", "coordinates": [ 34.721532372410614, 3.758730054352806 ] } },
{ "type": "Feature", "properties": { "im": 0.989 }, "geometry": { "type": "Point", "coordinates": [ 34.721765919410664, 3.758729855352863 ] } },
{ "type": "Feature", "properties": { "im": 0.99 }, "geometry": { "type": "Point", "coordinates": [ 34.723760052410704, 3.758728157352802 ] } },
{ "type": "Feature", "properties": { "im": 0.953 }, "geometry": { "type": "Point", "coordinates": [ 34.72417325141074, 3.758727806352761 ] } },
{ "type": "Feature", "properties": { "im": 0.99 }, "geometry": { "type": "Point", "coordinates": [ 34.724604415410703, 3.758727439352834 ] } },
{ "type": "Feature", "properties": { "im": 0.945 }, "geometry": { "type": "Point", "coordinates": [ 34.725053545410525, 3.758727057352782 ] } },
{ "type": "Feature", "properties": { "im": 0.882 }, "geometry": { "type": "Point", "coordinates": [ 34.725323023410645, 3.75872682835276 ] } },
{ "type": "Feature", "properties": { "im": 0.885 }, "geometry": { "type": "Point", "coordinates": [ 34.725448779410577, 3.758726721352867 ] } },
{ "type": "Feature", "properties": { "im": 0.977 }, "geometry": { "type": "Point", "coordinates": [ 34.725933839410708, 3.758726308352915 ] } },
{ "type": "Feature", "properties": { "im": 0.98 }, "geometry": { "type": "Point", "coordinates": [ 34.727460882410661, 3.758725010352828 ] } },
{ "type": "Feature", "properties": { "im": 0.995 }, "geometry": { "type": "Point", "coordinates": [ 34.72767646541066, 3.758724827352775 ] } },
{ "type": "Feature", "properties": { "im": 0.996 }, "geometry": { "type": "Point", "coordinates": [ 34.721280845410682, 3.758712187352808 ] } },
{ "type": "Feature", "properties": { "im": 0.987 }, "geometry": { "type": "Point", "coordinates": [ 34.722520440410641, 3.758711131352835 ] } },
{ "type": "Feature", "properties": { "im": 0.998 }, "geometry": { "type": "Point", "coordinates": [ 34.722861778410639, 3.758710840352786 ] } },
{ "type": "Feature", "properties": { "im": 1.0 }, "geometry": { "type": "Point", "coordinates": [ 34.723023465410641, 3.758710703352757 ] } },
{ "type": "Feature", "properties": { "im": 0.983 }, "geometry": { "type": "Point", "coordinates": [ 34.723508524410668, 3.758710290352918 ] } },
{ "type": "Feature", "properties": { "im": 0.993 }, "geometry": { "type": "Point", "coordinates": [ 34.724766087410579, 3.758709220352922 ] } },
{ "type": "Feature", "properties": { "im": 0.998 }, "geometry": { "type": "Point", "coordinates": [ 34.725772137410694, 3.758708364352766 ] } },
{ "type": "Feature", "properties": { "im": 0.64 }, "geometry": { "type": "Point", "coordinates": [ 34.72627516341074, 3.758707936352801 ] } },
{ "type": "Feature", "properties": { "im": 0.717 }, "geometry": { "type": "Point", "coordinates": [ 34.722736007410639, 3.758692866352897 ] } },
{ "type": "Feature", "properties": { "im": 0.985 }, "geometry": { "type": "Point", "coordinates": [ 34.723885778410668, 3.758691887352906 ] } },
{ "type": "Feature", "properties": { "im": 0.977 }, "geometry": { "type": "Point", "coordinates": [ 34.725161306410676, 3.758690802352841 ] } },
{ "type": "Feature", "properties": { "im": 0.993 }, "geometry": { "type": "Point", "coordinates": [ 34.726023635410705, 3.758690069352861 ] } },
{ "type": "Feature", "properties": { "im": 0.98 }, "geometry": { "type": "Point", "coordinates": [ 34.726382939410563, 3.758689763352801 ] } },
{ "type": "Feature", "properties": { "im": 0.934 }, "geometry": { "type": "Point", "coordinates": [ 34.727550678410658, 3.758688771352833 ] } },
{ "type": "Feature", "properties": { "im": 0.997 }, "geometry": { "type": "Point", "coordinates": [ 34.72792794741067, 3.758688450352817 ] } },
{ "type": "Feature", "properties": { "im": 0.994 }, "geometry": { "type": "Point", "coordinates": [ 34.720885581410663, 3.758676361352765 ] } },
{ "type": "Feature", "properties": { "im": 0.965 }, "geometry": { "type": "Point", "coordinates": [ 34.720993372410611, 3.758676269352772 ] } },
{ "type": "Feature", "properties": { "im": 0.981 }, "geometry": { "type": "Point", "coordinates": [ 34.721406570410657, 3.758675917352856 ] } },
{ "type": "Feature", "properties": { "im": 0.988 }, "geometry": { "type": "Point", "coordinates": [ 34.722628201410622, 3.758674876352837 ] } },
{ "type": "Feature", "properties": { "im": 0.986 }, "geometry": { "type": "Point", "coordinates": [ 34.724263031410679, 3.758673484352892 ] } },
{ "type": "Feature", "properties": { "im": 0.991 }, "geometry": { "type": "Point", "coordinates": [ 34.724963673410592, 3.758672888352772 ] } },
{ "type": "Feature", "properties": { "im": 0.978 }, "geometry": { "type": "Point", "coordinates": [ 34.725682281410705, 3.758672277352811 ] } },
{ "type": "Feature", "properties": { "im": 0.993 }, "geometry": { "type": "Point", "coordinates": [ 34.727173393410588, 3.758671010352795 ] } },
{ "type": "Feature", "properties": { "im": 0.947 }, "geometry": { "type": "Point", "coordinates": [ 34.727766245410656, 3.758670506352838 ] } },
{ "type": "Feature", "properties": { "im": 0.942 }, "geometry": { "type": "Point", "coordinates": [ 34.722161092410566, 3.758657192352781 ] } },
{ "type": "Feature", "properties": { "im": 0.847 }, "geometry": { "type": "Point", "coordinates": [ 34.7224126044106, 3.758656978352771 ] } },
{ "type": "Feature", "properties": { "im": 0.482 }, "geometry": { "type": "Point", "coordinates": [ 34.723975573410677, 3.758655647352863 ] } },
{ "type": "Feature", "properties": { "im": 0.994 }, "geometry": { "type": "Point", "coordinates": [ 34.724083364410625, 3.758655556352859 ] } },
{ "type": "Feature", "properties": { "im": 0.991 }, "geometry": { "type": "Point", "coordinates": [ 34.724676215410589, 3.758655051352799 ] } },
{ "type": "Feature", "properties": { "im": 0.989 }, "geometry": { "type": "Point", "coordinates": [ 34.725538544410618, 3.75865431835282 ] } },
{ "type": "Feature", "properties": { "im": 0.994 }, "geometry": { "type": "Point", "coordinates": [ 34.726975761410607, 3.758653096352897 ] } },
{ "type": "Feature", "properties": { "im": 0.979 }, "geometry": { "type": "Point", "coordinates": [ 34.727299134410622, 3.758652821352793 ] } },
{ "type": "Feature", "properties": { "im": 0.829 }, "geometry": { "type": "Point", "coordinates": [ 34.721496366410655, 3.758639677352757 ] } },
{ "type": "Feature", "properties": { "im": 0.998 }, "geometry": { "type": "Point", "coordinates": [ 34.724478583410551, 3.758637138352834 ] } },
{ "type": "Feature", "properties": { "im": 0.979 }, "geometry": { "type": "Point", "coordinates": [ 34.725358877410564, 3.758636389352854 ] } },
{ "type": "Feature", "properties": { "im": 0.927 }, "geometry": { "type": "Point", "coordinates": [ 34.721693967410737, 3.758621427352774 ] } },
{ "type": "Feature", "properties": { "im": 0.033 }, "geometry": { "type": "Point", "coordinates": [ 34.722035305410735, 3.758621136352839 ] } },
{ "type": "Feature", "properties": { "im": 0.996 }, "geometry": { "type": "Point", "coordinates": [ 34.722304782410582, 3.758620907352817 ] } },
{ "type": "Feature", "properties": { "im": 0.995 }, "geometry": { "type": "Point", "coordinates": [ 34.723256936410642, 3.758620096352809 ] } },
{ "type": "Feature", "properties": { "im": 0.884 }, "geometry": { "type": "Point", "coordinates": [ 34.724173160410622, 3.758619316352759 ] } },
{ "type": "Feature", "properties": { "im": 0.173 }, "geometry": { "type": "Point", "coordinates": [ 34.724370777410705, 3.758619148352774 ] } },
{ "type": "Feature", "properties": { "im": 0.715 }, "geometry": { "type": "Point", "coordinates": [ 34.726221192410627, 3.758617574352821 ] } },
{ "type": "Feature", "properties": { "im": 0.952 }, "geometry": { "type": "Point", "coordinates": [ 34.727065556410672, 3.758616856352854 ] } },
{ "type": "Feature", "properties": { "im": 0.979 }, "geometry": { "type": "Point", "coordinates": [ 34.728017713410644, 3.75861604735277 ] } },
{ "type": "Feature", "properties": { "im": 0.999 }, "geometry": { "type": "Point", "coordinates": [ 34.721119067410619, 3.758603835352825 ] } },
{ "type": "Feature", "properties": { "im": 0.949 }, "geometry": { "type": "Point", "coordinates": [ 34.721334649410686, 3.758603652352828 ] } },
{ "type": "Feature", "properties": { "im": 0.989 }, "geometry": { "type": "Point", "coordinates": [ 34.72158616141072, 3.75860343735277 ] } },
{ "type": "Feature", "properties": { "im": 0.988 }, "geometry": { "type": "Point", "coordinates": [ 34.722538314410734, 3.758602626352821 ] } },
{ "type": "Feature", "properties": { "im": 1.0 }, "geometry": { "type": "Point", "coordinates": [ 34.72298744341068, 3.758602244352768 ] } },
{ "type": "Feature", "properties": { "im": 0.949 }, "geometry": { "type": "Point", "coordinates": [ 34.723759946410517, 3.758601586352792 ] } },
{ "type": "Feature", "properties": { "im": 0.985 }, "geometry": { "type": "Point", "coordinates": [ 34.724586344410703, 3.758600883352837 ] } },
{ "type": "Feature", "properties": { "im": 0.97 }, "geometry": { "type": "Point", "coordinates": [ 34.725879838410627, 3.758599783352759 ] } },
{ "type": "Feature", "properties": { "im": 0.992 }, "geometry": { "type": "Point", "coordinates": [ 34.72632896841062, 3.758599401352821 ] } },
{ "type": "Feature", "properties": { "im": 0.618 }, "geometry": { "type": "Point", "coordinates": [ 34.727514672410699, 3.758598393352794 ] } },
{ "type": "Feature", "properties": { "im": 0.996 }, "geometry": { "type": "Point", "coordinates": [ 34.722789811410642, 3.758584330352813 ] } },
{ "type": "Feature", "properties": { "im": 0.991 }, "geometry": { "type": "Point", "coordinates": [ 34.723903652410705, 3.758583382352835 ] } },
{ "type": "Feature", "properties": { "im": 0.993 }, "geometry": { "type": "Point", "coordinates": [ 34.724837841410611, 3.758582587352772 ] } },
{ "type": "Feature", "properties": { "im": 0.628 }, "geometry": { "type": "Point", "coordinates": [ 34.725161215410729, 3.758582312352838 ] } },
{ "type": "Feature", "properties": { "im": 0.979 }, "geometry": { "type": "Point", "coordinates": [ 34.725269006410677, 3.758582220352788 ] } },
{ "type": "Feature", "properties": { "im": 0.875 }, "geometry": { "type": "Point", "coordinates": [ 34.725448658410663, 3.758582068352804 ] } },
{ "type": "Feature", "properties": { "im": 0.848 }, "geometry": { "type": "Point", "coordinates": [ 34.725718136410727, 3.758581838352792 ] } },
{ "type": "Feature", "properties": { "im": 0.978 }, "geometry": { "type": "Point", "coordinates": [ 34.726023544410587, 3.758581579352859 ] } },
{ "type": "Feature", "properties": { "im": 0.99 }, "geometry": { "type": "Point", "coordinates": [ 34.727658378410659, 3.758580189352836 ] } },
{ "type": "Feature", "properties": { "im": 0.932 }, "geometry": { "type": "Point", "coordinates": [ 34.727802100410678, 3.75858006735282 ] } },
{ "type": "Feature", "properties": { "im": 0.982 }, "geometry": { "type": "Point", "coordinates": [ 34.728125474410625, 3.758579792352772 ] } },
{ "type": "Feature", "properties": { "im": 0.997 }, "geometry": { "type": "Point", "coordinates": [ 34.722125085410731, 3.758566815352789 ] } },
{ "type": "Feature", "properties": { "im": 0.875 }, "geometry": { "type": "Point", "coordinates": [ 34.722628110410675, 3.758566386352835 ] } },
{ "type": "Feature", "properties": { "im": 0.665 }, "geometry": { "type": "Point", "coordinates": [ 34.722897587410692, 3.758566157352813 ] } },
{ "type": "Feature", "properties": { "im": 0.73 }, "geometry": { "type": "Point", "coordinates": [ 34.723346716410639, 3.75856577535276 ] } },
{ "type": "Feature", "properties": { "im": 0.927 }, "geometry": { "type": "Point", "coordinates": [ 34.724712070410611, 3.75856461335277 ] } },
{ "type": "Feature", "properties": { "im": 0.978 }, "geometry": { "type": "Point", "coordinates": [ 34.725035443410626, 3.758564337352846 ] } },
{ "type": "Feature", "properties": { "im": 0.927 }, "geometry": { "type": "Point", "coordinates": [ 34.72737091941061, 3.758562352352864 ] } },
{ "type": "Feature", "properties": { "im": 0.937 }, "geometry": { "type": "Point", "coordinates": [ 34.728233250410618, 3.758561619352771 ] } },
{ "type": "Feature", "properties": { "im": 0.967 }, "geometry": { "type": "Point", "coordinates": [ 34.720993266410595, 3.758549698352761 ] } },
{ "type": "Feature", "properties": { "im": 0.976 }, "geometry": { "type": "Point", "coordinates": [ 34.722430478410693, 3.75854847335287 ] } },
{ "type": "Feature", "properties": { "im": 0.987 }, "geometry": { "type": "Point", "coordinates": [ 34.723149084410601, 3.758547861352805 ] } },
{ "type": "Feature", "properties": { "im": 0.985 }, "geometry": { "type": "Point", "coordinates": [ 34.726149270410723, 3.75854530835286 ] } },
{ "type": "Feature", "properties": { "im": 0.993 }, "geometry": { "type": "Point", "coordinates": [ 34.72724514841061, 3.758544377352872 ] } },
{ "type": "Feature", "properties": { "im": 0.982 }, "geometry": { "type": "Point", "coordinates": [ 34.730155515410637, 3.758541905352867 ] } },
{ "type": "Feature", "properties": { "im": 0.998 }, "geometry": { "type": "Point", "coordinates": [ 34.721190867410677, 3.758531448352779 ] } },
{ "type": "Feature", "properties": { "im": 0.979 }, "geometry": { "type": "Point", "coordinates": [ 34.721981334410621, 3.758530774352801 ] } },
{ "type": "Feature", "properties": { "im": 0.7 }, "geometry": { "type": "Point", "coordinates": [ 34.724945587410694, 3.758528251352767 ] } },
{ "type": "Feature", "properties": { "im": 0.995 }, "geometry": { "type": "Point", "coordinates": [ 34.728341011410599, 3.75852536435283 ] } },
{ "type": "Feature", "properties": { "im": 0.961 }, "geometry": { "type": "Point", "coordinates": [ 34.728484733410561, 3.758525242352813 ] } },
{ "type": "Feature", "properties": { "im": 0.976 }, "geometry": { "type": "Point", "coordinates": [ 34.729921952410585, 3.758524022352812 ] } },
{ "type": "Feature", "properties": { "im": 0.999 }, "geometry": { "type": "Point", "coordinates": [ 34.730029744410579, 3.758523930352761 ] } },
{ "type": "Feature", "properties": { "im": 0.987 }, "geometry": { "type": "Point", "coordinates": [ 34.721478294410545, 3.758513121352759 ] } },
{ "type": "Feature", "properties": { "im": 0.931 }, "geometry": { "type": "Point", "coordinates": [ 34.724280860410623, 3.758510734352764 ] } },
{ "type": "Feature", "properties": { "im": 0.875 }, "geometry": { "type": "Point", "coordinates": [ 34.724388651410571, 3.758510643352759 ] } },
{ "type": "Feature", "properties": { "im": 0.996 }, "geometry": { "type": "Point", "coordinates": [ 34.725592318410598, 3.758509619352846 ] } },
{ "type": "Feature", "properties": { "im": 0.931 }, "geometry": { "type": "Point", "coordinates": [ 34.727460700410653, 3.758508030352882 ] } },
{ "type": "Feature", "properties": { "im": 0.957 }, "geometry": { "type": "Point", "coordinates": [ 34.721298628410658, 3.758495193352782 ] } },
{ "type": "Feature", "properties": { "im": 0.962 }, "geometry": { "type": "Point", "coordinates": [ 34.722825666410664, 3.758493892352784 ] } },
{ "type": "Feature", "properties": { "im": 0.991 }, "geometry": { "type": "Point", "coordinates": [ 34.723256830410627, 3.758493525352856 ] } },
{ "type": "Feature", "properties": { "im": 0.994 }, "geometry": { "type": "Point", "coordinates": [ 34.724011367410661, 3.758492882352778 ] } },
{ "type": "Feature", "properties": { "im": 0.997 }, "geometry": { "type": "Point", "coordinates": [ 34.724173053410674, 3.758492745352863 ] } },
{ "type": "Feature", "properties": { "im": 0.858 }, "geometry": { "type": "Point", "coordinates": [ 34.724783870410725, 3.758492225352906 ] } },
{ "type": "Feature", "properties": { "im": 0.99 }, "geometry": { "type": "Point", "coordinates": [ 34.725376721410633, 3.758491720352789 ] } },
{ "type": "Feature", "properties": { "im": 0.964 }, "geometry": { "type": "Point", "coordinates": [ 34.725843816410666, 3.758491323352838 ] } },
{ "type": "Feature", "properties": { "im": 0.931 }, "geometry": { "type": "Point", "coordinates": [ 34.72063390241069, 3.758477678352757 ] } },
{ "type": "Feature", "properties": { "im": 0.983 }, "geometry": { "type": "Point", "coordinates": [ 34.721604020410687, 3.758476851352806 ] } },
{ "type": "Feature", "properties": { "im": 0.973 }, "geometry": { "type": "Point", "coordinates": [ 34.721711811410636, 3.758476759352869 ] } },
{ "type": "Feature", "properties": { "im": 0.968 }, "geometry": { "type": "Point", "coordinates": [ 34.723867630410574, 3.758474923352789 ] } },
{ "type": "Feature", "properties": { "im": 0.652 }, "geometry": { "type": "Point", "coordinates": [ 34.724622168410654, 3.758474281352757 ] } },
{ "type": "Feature", "properties": { "im": 0.962 }, "geometry": { "type": "Point", "coordinates": [ 34.725179089410652, 3.758473807352824 ] } },
{ "type": "Feature", "properties": { "im": 0.578 }, "geometry": { "type": "Point", "coordinates": [ 34.726041418410681, 3.758473073352856 ] } },
{ "type": "Feature", "properties": { "im": 0.95 }, "geometry": { "type": "Point", "coordinates": [ 34.726257001410623, 3.758472890352802 ] } },
{ "type": "Feature", "properties": { "im": 0.996 }, "geometry": { "type": "Point", "coordinates": [ 34.72755049641065, 3.758471791352827 ] } },
{ "type": "Feature", "properties": { "im": 0.553 }, "geometry": { "type": "Point", "coordinates": [ 34.727658287410598, 3.758471699352834 ] } },
{ "type": "Feature", "properties": { "im": 0.96 }, "geometry": { "type": "Point", "coordinates": [ 34.728035557410713, 3.758471379352808 ] } },
{ "type": "Feature", "properties": { "im": 0.768 }, "geometry": { "type": "Point", "coordinates": [ 34.721047085410667, 3.758459244352844 ] } },
{ "type": "Feature", "properties": { "im": 0.984 }, "geometry": { "type": "Point", "coordinates": [ 34.722053133410633, 3.758458386352767 ] } },
{ "type": "Feature", "properties": { "im": 0.974 }, "geometry": { "type": "Point", "coordinates": [ 34.722196855410594, 3.758458264352863 ] } },
{ "type": "Feature", "properties": { "im": 0.902 }, "geometry": { "type": "Point", "coordinates": [ 34.72234057641068, 3.758458142352846 ] } },
{ "type": "Feature", "properties": { "im": 0.975 }, "geometry": { "type": "Point", "coordinates": [ 34.722466332410612, 3.758458034352851 ] } },
{ "type": "Feature", "properties": { "im": 0.978 }, "geometry": { "type": "Point", "coordinates": [ 34.722663949410695, 3.758457866352809 ] } },
{ "type": "Feature", "properties": { "im": 0.865 }, "geometry": { "type": "Point", "coordinates": [ 34.723023252410677, 3.758457560352805 ] } },
{ "type": "Feature", "properties": { "im": 0.996 }, "geometry": { "type": "Point", "coordinates": [ 34.724514362410581, 3.758456291352867 ] } },
{ "type": "Feature", "properties": { "im": 0.993 }, "geometry": { "type": "Point", "coordinates": [ 34.724873665410563, 3.758455985352863 ] } },
{ "type": "Feature", "properties": { "im": 0.961 }, "geometry": { "type": "Point", "coordinates": [ 34.725753960410678, 3.758455236352769 ] } },
{ "type": "Feature", "properties": { "im": 0.999 }, "geometry": { "type": "Point", "coordinates": [ 34.725933612410607, 3.758455083352852 ] } },
{ "type": "Feature", "properties": { "im": 0.989 }, "geometry": { "type": "Point", "coordinates": [ 34.727784029410678, 3.758453511352822 ] } },
{ "type": "Feature", "properties": { "im": 0.97 }, "geometry": { "type": "Point", "coordinates": [ 34.728251124410711, 3.758453114352871 ] } },
{ "type": "Feature", "properties": { "im": 0.932 }, "geometry": { "type": "Point", "coordinates": [ 34.728412811410657, 3.758452976352795 ] } },
{ "type": "Feature", "properties": { "im": 0.977 }, "geometry": { "type": "Point", "coordinates": [ 34.720741662410738, 3.75844142235277 ] } },
{ "type": "Feature", "properties": { "im": 0.982 }, "geometry": { "type": "Point", "coordinates": [ 34.723400505410574, 3.758439157352792 ] } },
{ "type": "Feature", "properties": { "im": 0.98 }, "geometry": { "type": "Point", "coordinates": [ 34.727370813410595, 3.758435780352865 ] } },
{ "type": "Feature", "properties": { "im": 0.999 }, "geometry": { "type": "Point", "coordinates": [ 34.721370427410612, 3.75842280535286 ] } },
{ "type": "Feature", "properties": { "im": 0.821 }, "geometry": { "type": "Point", "coordinates": [ 34.721514148410698, 3.758422682352854 ] } },
{ "type": "Feature", "properties": { "im": 0.964 }, "geometry": { "type": "Point", "coordinates": [ 34.723148978410585, 3.758421290352795 ] } },
{ "type": "Feature", "properties": { "im": 0.996 }, "geometry": { "type": "Point", "coordinates": [ 34.724334679410582, 3.758420280352904 ] } },
{ "type": "Feature", "properties": { "im": 0.941 }, "geometry": { "type": "Point", "coordinates": [ 34.725053287410695, 3.758419669352771 ] } },
{ "type": "Feature", "properties": { "im": 0.998 }, "geometry": { "type": "Point", "coordinates": [ 34.725304799410729, 3.75841945535276 ] } },
{ "type": "Feature", "properties": { "im": 0.878 }, "geometry": { "type": "Point", "coordinates": [ 34.728538538410668, 3.758416706352786 ] } },
{ "type": "Feature", "properties": { "im": 0.999 }, "geometry": { "type": "Point", "coordinates": [ 34.72981407041069, 3.758415623352813 ] } },
{ "type": "Feature", "properties": { "im": 0.999 }, "geometry": { "type": "Point", "coordinates": [ 34.730047618410673, 3.75841542535286 ] } },
{ "type": "Feature", "properties": { "im": 0.914 }, "geometry": { "type": "Point", "coordinates": [ 34.721244656410612, 3.758404831352801 ] } },
{ "type": "Feature", "properties": { "im": 0.993 }, "geometry": { "type": "Point", "coordinates": [ 34.722574077410535, 3.758403698352789 ] } },
{ "type": "Feature", "properties": { "im": 0.987 }, "geometry": { "type": "Point", "coordinates": [ 34.723490301410685, 3.758402918352795 ] } },
{ "type": "Feature", "properties": { "im": 0.995 }, "geometry": { "type": "Point", "coordinates": [ 34.725484436410589, 3.758401221352837 ] } },
{ "type": "Feature", "properties": { "im": 0.982 }, "geometry": { "type": "Point", "coordinates": [ 34.726185079410719, 3.758400625352773 ] } },
{ "type": "Feature", "properties": { "im": 0.989 }, "geometry": { "type": "Point", "coordinates": [ 34.730245221410563, 3.758397175352765 ] } },
{ "type": "Feature", "properties": { "im": 0.736 }, "geometry": { "type": "Point", "coordinates": [ 34.721639874410606, 3.758386412352787 ] } },
{ "type": "Feature", "properties": { "im": 0.249 }, "geometry": { "type": "Point", "coordinates": [ 34.722735749410639, 3.758385478352774 ] } },
{ "type": "Feature", "properties": { "im": 0.961 }, "geometry": { "type": "Point", "coordinates": [ 34.722915400410635, 3.758385325352857 ] } },
{ "type": "Feature", "properties": { "im": 0.993 }, "geometry": { "type": "Point", "coordinates": [ 34.72323877341065, 3.758385050352923 ] } },
{ "type": "Feature", "properties": { "im": 0.986 }, "geometry": { "type": "Point", "coordinates": [ 34.723634007410702, 3.758384714352895 ] } },
{ "type": "Feature", "properties": { "im": 0.864 }, "geometry": { "type": "Point", "coordinates": [ 34.725682038410604, 3.758382971352854 ] } },
{ "type": "Feature", "properties": { "im": 0.998 }, "geometry": { "type": "Point", "coordinates": [ 34.726077273410702, 3.758382635352826 ] } },
{ "type": "Feature", "properties": { "im": 0.991 }, "geometry": { "type": "Point", "coordinates": [ 34.728125307410686, 3.758380894352764 ] } },
{ "type": "Feature", "properties": { "im": 0.971 }, "geometry": { "type": "Point", "coordinates": [ 34.728628334410665, 3.758380467352789 ] } },
{ "type": "Feature", "properties": { "im": 0.975 }, "geometry": { "type": "Point", "coordinates": [ 34.720633811410629, 3.758369188352868 ] } },
{ "type": "Feature", "properties": { "im": 0.826 }, "geometry": { "type": "Point", "coordinates": [ 34.722142883410605, 3.758367902352769 ] } },
{ "type": "Feature", "properties": { "im": 0.954 }, "geometry": { "type": "Point", "coordinates": [ 34.722376430410655, 3.758367703352827 ] } },
{ "type": "Feature", "properties": { "im": 0.996 }, "geometry": { "type": "Point", "coordinates": [ 34.724119052410593, 3.758366219352776 ] } },
{ "type": "Feature", "properties": { "im": 1.0 }, "geometry": { "type": "Point", "coordinates": [ 34.724658007410675, 3.758365760352854 ] } },
{ "type": "Feature", "properties": { "im": 0.925 }, "geometry": { "type": "Point", "coordinates": [ 34.727676161410635, 3.75836319435282 ] } },
{ "type": "Feature", "properties": { "im": 0.951 }, "geometry": { "type": "Point", "coordinates": [ 34.720777517410589, 3.758350984352854 ] } },
{ "type": "Feature", "properties": { "im": 0.996 }, "geometry": { "type": "Point", "coordinates": [ 34.725861660410679, 3.758346655352763 ] } },
{ "type": "Feature", "properties": { "im": 0.962 }, "geometry": { "type": "Point", "coordinates": [ 34.728286964410664, 3.758344593352798 ] } },
{ "type": "Feature", "properties": { "im": 0.937 }, "geometry": { "type": "Point", "coordinates": [ 34.72871812941073, 3.758344227352918 ] } },
{ "type": "Feature", "properties": { "im": 0.967 }, "geometry": { "type": "Point", "coordinates": [ 34.729921801410647, 3.758343205352924 ] } },
{ "type": "Feature", "properties": { "im": 0.563 }, "geometry": { "type": "Point", "coordinates": [ 34.721424247410617, 3.75833235135283 ] } },
{ "type": "Feature", "properties": { "im": 0.808 }, "geometry": { "type": "Point", "coordinates": [ 34.722466226410596, 3.758331463352842 ] } },
{ "type": "Feature", "properties": { "im": 0.997 }, "geometry": { "type": "Point", "coordinates": [ 34.722825529410578, 3.758331157352838 ] } },
{ "type": "Feature", "properties": { "im": 0.985 }, "geometry": { "type": "Point", "coordinates": [ 34.723023146410661, 3.758330989352795 ] } },
{ "type": "Feature", "properties": { "im": 0.825 }, "geometry": { "type": "Point", "coordinates": [ 34.723364484410659, 3.758330698352803 ] } },
{ "type": "Feature", "properties": { "im": 0.886 }, "geometry": { "type": "Point", "coordinates": [ 34.724280708410639, 3.75832991835281 ] } },
{ "type": "Feature", "properties": { "im": 0.998 }, "geometry": { "type": "Point", "coordinates": [ 34.724496290410706, 3.758329735352812 ] } },
{ "type": "Feature", "properties": { "im": 0.983 }, "geometry": { "type": "Point", "coordinates": [ 34.725232863410632, 3.758329108352849 ] } },
{ "type": "Feature", "properties": { "im": 0.967 }, "geometry": { "type": "Point", "coordinates": [ 34.725394550410577, 3.758328970352831 ] } },
{ "type": "Feature", "properties": { "im": 0.983 }, "geometry": { "type": "Point", "coordinates": [ 34.725987401410713, 3.758328466352761 ] } },
{ "type": "Feature", "properties": { "im": 0.895 }, "geometry": { "type": "Point", "coordinates": [ 34.720885277410638, 3.758314729352799 ] } },
{ "type": "Feature", "properties": { "im": 0.992 }, "geometry": { "type": "Point", "coordinates": [ 34.721298475410684, 3.758314377352771 ] } },
{ "type": "Feature", "properties": { "im": 0.957 }, "geometry": { "type": "Point", "coordinates": [ 34.721549987410718, 3.758314162352828 ] } },
{ "type": "Feature", "properties": { "im": 0.923 }, "geometry": { "type": "Point", "coordinates": [ 34.722232663410715, 3.758313581352776 ] } },
{ "type": "Feature", "properties": { "im": 0.993 }, "geometry": { "type": "Point", "coordinates": [ 34.722645862410523, 3.75831322935286 ] } },
{ "type": "Feature", "properties": { "im": 0.765 }, "geometry": { "type": "Point", "coordinates": [ 34.724388484410689, 3.758311745352808 ] } },
{ "type": "Feature", "properties": { "im": 0.863 }, "geometry": { "type": "Point", "coordinates": [ 34.724747787410671, 3.758311439352804 ] } },
{ "type": "Feature", "properties": { "im": 0.97 }, "geometry": { "type": "Point", "coordinates": [ 34.724909474410616, 3.758311301352786 ] } },
{ "type": "Feature", "properties": { "im": 0.989 }, "geometry": { "type": "Point", "coordinates": [ 34.725089126410715, 3.758311149352859 ] } },
{ "type": "Feature", "properties": { "im": 0.475 }, "geometry": { "type": "Point", "coordinates": [ 34.720543924410741, 3.758296938352852 ] } },
{ "type": "Feature", "properties": { "im": 0.991 }, "geometry": { "type": "Point", "coordinates": [ 34.723490210410624, 3.758294428352793 ] } },
{ "type": "Feature", "properties": { "im": 0.944 }, "geometry": { "type": "Point", "coordinates": [ 34.723723757410674, 3.758294229352794 ] } },
{ "type": "Feature", "properties": { "im": 0.307 }, "geometry": { "type": "Point", "coordinates": [ 34.725484345410642, 3.758292731352834 ] } },
{ "type": "Feature", "properties": { "im": 0.976 }, "geometry": { "type": "Point", "coordinates": [ 34.72559213641059, 3.75829263935284 ] } },
{ "type": "Feature", "properties": { "im": 0.924 }, "geometry": { "type": "Point", "coordinates": [ 34.726167023410675, 3.758292150352783 ] } },
{ "type": "Feature", "properties": { "im": 0.994 }, "geometry": { "type": "Point", "coordinates": [ 34.727963544410692, 3.758290623352845 ] } },
{ "type": "Feature", "properties": { "im": 0.989 }, "geometry": { "type": "Point", "coordinates": [ 34.730101408410654, 3.75828880735278 ] } },
{ "type": "Feature", "properties": { "im": 0.956 }, "geometry": { "type": "Point", "coordinates": [ 34.730209199410602, 3.758288716352776 ] } },
{ "type": "Feature", "properties": { "im": 0.977 }, "geometry": { "type": "Point", "coordinates": [ 34.722735657410588, 3.758276989352761 ] } },
{ "type": "Feature", "properties": { "im": 0.995 }, "geometry": { "type": "Point", "coordinates": [ 34.723615951410601, 3.758276239352791 ] } },
{ "type": "Feature", "properties": { "im": 0.999 }, "geometry": { "type": "Point", "coordinates": [ 34.72573584341071, 3.758274435352826 ] } },
{ "type": "Feature", "properties": { "im": 0.94 }, "geometry": { "type": "Point", "coordinates": [ 34.728610277410688, 3.758271992352799 ] } },
{ "type": "Feature", "properties": { "im": 0.98 }, "geometry": { "type": "Point", "coordinates": [ 34.722376339410708, 3.758259213352825 ] } },
{ "type": "Feature", "properties": { "im": 0.824 }, "geometry": { "type": "Point", "coordinates": [ 34.726077166410583, 3.758256063352827 ] } },
{ "type": "Feature", "properties": { "im": 0.974 }, "geometry": { "type": "Point", "coordinates": [ 34.727747931410725, 3.75825464335278 ] } },
{ "type": "Feature", "properties": { "im": 0.764 }, "geometry": { "type": "Point", "coordinates": [ 34.728232992410618, 3.758254230352772 ] } },
{ "type": "Feature", "properties": { "im": 0.828 }, "geometry": { "type": "Point", "coordinates": [ 34.728358749410653, 3.758254124352926 ] } },
{ "type": "Feature", "properties": { "im": 0.954 }, "geometry": { "type": "Point", "coordinates": [ 34.728825845410732, 3.758253727352804 ] } },
{ "type": "Feature", "properties": { "im": 0.572 }, "geometry": { "type": "Point", "coordinates": [ 34.73001155141062, 3.758252720352824 ] } },
{ "type": "Feature", "properties": { "im": 0.994 }, "geometry": { "type": "Point", "coordinates": [ 34.720813356410609, 3.758242464352771 ] } },
{ "type": "Feature", "properties": { "im": 0.874 }, "geometry": { "type": "Point", "coordinates": [ 34.720993007410662, 3.758242311352855 ] } },
{ "type": "Feature", "properties": { "im": 0.998 }, "geometry": { "type": "Point", "coordinates": [ 34.722520045410725, 3.75824100935281 ] } },
{ "type": "Feature", "properties": { "im": 0.996 }, "geometry": { "type": "Point", "coordinates": [ 34.722879348410707, 3.758240703352806 ] } },
{ "type": "Feature", "properties": { "im": 0.994 }, "geometry": { "type": "Point", "coordinates": [ 34.723148826410601, 3.758240474352784 ] } },
{ "type": "Feature", "properties": { "im": 1.0 }, "geometry": { "type": "Point", "coordinates": [ 34.723328477410654, 3.758240321352868 ] } },
{ "type": "Feature", "properties": { "im": 0.782 }, "geometry": { "type": "Point", "coordinates": [ 34.724532144410681, 3.75823929635285 ] } },
{ "type": "Feature", "properties": { "im": 0.993 }, "geometry": { "type": "Point", "coordinates": [ 34.724999239410657, 3.758238898352909 ] } },
{ "type": "Feature", "properties": { "im": 0.983 }, "geometry": { "type": "Point", "coordinates": [ 34.725160926410659, 3.758238761352823 ] } },
{ "type": "Feature", "properties": { "im": 0.986 }, "geometry": { "type": "Point", "coordinates": [ 34.7285204214107, 3.758235905352843 ] } },
{ "type": "Feature", "properties": { "im": 0.988 }, "geometry": { "type": "Point", "coordinates": [ 34.728718038410612, 3.758235737352915 ] } },
{ "type": "Feature", "properties": { "im": 0.994 }, "geometry": { "type": "Point", "coordinates": [ 34.721388225410657, 3.758223892352841 ] } },
{ "type": "Feature", "properties": { "im": 1.0 }, "geometry": { "type": "Point", "coordinates": [ 34.723023054410667, 3.758222499352792 ] } },
{ "type": "Feature", "properties": { "im": 0.981 }, "geometry": { "type": "Point", "coordinates": [ 34.724334512410643, 3.758221382352782 ] } },
{ "type": "Feature", "properties": { "im": 0.989 }, "geometry": { "type": "Point", "coordinates": [ 34.724693816410728, 3.758221077352768 ] } },
{ "type": "Feature", "properties": { "im": 0.983 }, "geometry": { "type": "Point", "coordinates": [ 34.724837537410586, 3.758220954352761 ] } },
{ "type": "Feature", "properties": { "im": 0.992 }, "geometry": { "type": "Point", "coordinates": [ 34.725879519410647, 3.758220068352865 ] } },
{ "type": "Feature", "properties": { "im": 0.928 }, "geometry": { "type": "Point", "coordinates": [ 34.728035344410635, 3.75821823535281 ] } },
{ "type": "Feature", "properties": { "im": 0.997 }, "geometry": { "type": "Point", "coordinates": [ 34.72977797341067, 3.758216755352772 ] } },
{ "type": "Feature", "properties": { "im": 0.995 }, "geometry": { "type": "Point", "coordinates": [ 34.720579778410659, 3.758206500352823 ] } },
{ "type": "Feature", "properties": { "im": 0.988 }, "geometry": { "type": "Point", "coordinates": [ 34.720687569410607, 3.758206408352886 ] } },
{ "type": "Feature", "properties": { "im": 0.993 }, "geometry": { "type": "Point", "coordinates": [ 34.720903151410674, 3.758206224352786 ] } },
{ "type": "Feature", "properties": { "im": 0.981 }, "geometry": { "type": "Point", "coordinates": [ 34.721190593410675, 3.758205979352761 ] } },
{ "type": "Feature", "properties": { "im": 0.871 }, "geometry": { "type": "Point", "coordinates": [ 34.721945130410653, 3.758205336352797 ] } },
{ "type": "Feature", "properties": { "im": 0.996 }, "geometry": { "type": "Point", "coordinates": [ 34.723849437410728, 3.75820371435284 ] } },
{ "type": "Feature", "properties": { "im": 0.971 }, "geometry": { "type": "Point", "coordinates": [ 34.72992167941063, 3.758198551352758 ] } },
{ "type": "Feature", "properties": { "im": 0.974 }, "geometry": { "type": "Point", "coordinates": [ 34.721478020410721, 3.758187652352854 ] } },
{ "type": "Feature", "properties": { "im": 0.887 }, "geometry": { "type": "Point", "coordinates": [ 34.722663721410719, 3.758186642352849 ] } },
{ "type": "Feature", "properties": { "im": 0.703 }, "geometry": { "type": "Point", "coordinates": [ 34.722771512410667, 3.758186550352856 ] } },
{ "type": "Feature", "properties": { "im": 0.532 }, "geometry": { "type": "Point", "coordinates": [ 34.723454188410663, 3.758185969352804 ] } },
{ "type": "Feature", "properties": { "im": 0.769 }, "geometry": { "type": "Point", "coordinates": [ 34.723579944410545, 3.7581858623528 ] } },
{ "type": "Feature", "properties": { "im": 0.997 }, "geometry": { "type": "Point", "coordinates": [ 34.72442430841064, 3.758185143352899 ] } },
{ "type": "Feature", "properties": { "im": 1.0 }, "geometry": { "type": "Point", "coordinates": [ 34.725340532410733, 3.758184363352849 ] } },
{ "type": "Feature", "properties": { "im": 0.979 }, "geometry": { "type": "Point", "coordinates": [ 34.725466289410598, 3.758184256352843 ] } },
{ "type": "Feature", "properties": { "im": 0.892 }, "geometry": { "type": "Point", "coordinates": [ 34.728161071410646, 3.758181965352799 ] } },
{ "type": "Feature", "properties": { "im": 0.935 }, "geometry": { "type": "Point", "coordinates": [ 34.728951541410673, 3.758181293352858 ] } },
{ "type": "Feature", "properties": { "im": 0.926 }, "geometry": { "type": "Point", "coordinates": [ 34.730101317410593, 3.758180317352777 ] } },
{ "type": "Feature", "properties": { "im": 0.915 }, "geometry": { "type": "Point", "coordinates": [ 34.721100737410687, 3.758169892352806 ] } },
{ "type": "Feature", "properties": { "im": 0.945 }, "geometry": { "type": "Point", "coordinates": [ 34.721837308410635, 3.758169264352854 ] } },
{ "type": "Feature", "properties": { "im": 0.937 }, "geometry": { "type": "Point", "coordinates": [ 34.723723651410658, 3.758167658352785 ] } },
{ "type": "Feature", "properties": { "im": 0.856 }, "geometry": { "type": "Point", "coordinates": [ 34.725699821410522, 3.758165976352838 ] } },
{ "type": "Feature", "properties": { "im": 0.997 }, "geometry": { "type": "Point", "coordinates": [ 34.726041160410624, 3.758165685352789 ] } },
{ "type": "Feature", "properties": { "im": 0.992 }, "geometry": { "type": "Point", "coordinates": [ 34.727891577410695, 3.758164112352769 ] } },
{ "type": "Feature", "properties": { "im": 0.999 }, "geometry": { "type": "Point", "coordinates": [ 34.728304777410607, 3.758163761352843 ] } },
{ "type": "Feature", "properties": { "im": 0.998 }, "geometry": { "type": "Point", "coordinates": [ 34.728448499410625, 3.758163639352825 ] } },
{ "type": "Feature", "properties": { "im": 0.729 }, "geometry": { "type": "Point", "coordinates": [ 34.728610186410741, 3.758163502352796 ] } },
{ "type": "Feature", "properties": { "im": 0.994 }, "geometry": { "type": "Point", "coordinates": [ 34.722573864410627, 3.75815055535278 ] } },
{ "type": "Feature", "properties": { "im": 0.991 }, "geometry": { "type": "Point", "coordinates": [ 34.722933168410712, 3.758150249352776 ] } },
{ "type": "Feature", "properties": { "im": 0.992 }, "geometry": { "type": "Point", "coordinates": [ 34.723202645410673, 3.758150020352924 ] } },
{ "type": "Feature", "properties": { "im": 0.986 }, "geometry": { "type": "Point", "coordinates": [ 34.724567999410702, 3.758148857352832 ] } },
{ "type": "Feature", "properties": { "im": 0.96 }, "geometry": { "type": "Point", "coordinates": [ 34.72492730341056, 3.758148551352828 ] } },
{ "type": "Feature", "properties": { "im": 0.99 }, "geometry": { "type": "Point", "coordinates": [ 34.720974951410561, 3.758133836352921 ] } },
{ "type": "Feature", "properties": { "im": 0.965 }, "geometry": { "type": "Point", "coordinates": [ 34.721280358410716, 3.758133576352829 ] } },
{ "type": "Feature", "properties": { "im": 0.978 }, "geometry": { "type": "Point", "coordinates": [ 34.722034894410648, 3.758132933352864 ] } },
{ "type": "Feature", "properties": { "im": 0.849 }, "geometry": { "type": "Point", "coordinates": [ 34.72336431741055, 3.758131800352852 ] } },
{ "type": "Feature", "properties": { "im": 1.0 }, "geometry": { "type": "Point", "coordinates": [ 34.72503507941061, 3.758130378352826 ] } },
{ "type": "Feature", "properties": { "im": 0.998 }, "geometry": { "type": "Point", "coordinates": [ 34.725609965410591, 3.758129889352769 ] } },
{ "type": "Feature", "properties": { "im": 0.982 }, "geometry": { "type": "Point", "coordinates": [ 34.72578961741069, 3.758129736352851 ] } },
{ "type": "Feature", "properties": { "im": 0.763 }, "geometry": { "type": "Point", "coordinates": [ 34.727981373410692, 3.758127872352782 ] } },
{ "type": "Feature", "properties": { "im": 0.576 }, "geometry": { "type": "Point", "coordinates": [ 34.728735913410581, 3.758127231352797 ] } },
{ "type": "Feature", "properties": { "im": 0.98 }, "geometry": { "type": "Point", "coordinates": [ 34.728861669410684, 3.758127124352793 ] } },
{ "type": "Feature", "properties": { "im": 0.963 }, "geometry": { "type": "Point", "coordinates": [ 34.722142670410641, 3.75811475935276 ] } },
{ "type": "Feature", "properties": { "im": 0.978 }, "geometry": { "type": "Point", "coordinates": [ 34.723040928410533, 3.758113994352779 ] } },
{ "type": "Feature", "properties": { "im": 0.977 }, "geometry": { "type": "Point", "coordinates": [ 34.729993465410722, 3.758108082352829 ] } },
{ "type": "Feature", "properties": { "im": 0.969 }, "geometry": { "type": "Point", "coordinates": [ 34.730173117410651, 3.758107929352799 ] } },
{ "type": "Feature", "properties": { "im": 0.839 }, "geometry": { "type": "Point", "coordinates": [ 34.720489861410577, 3.758098087352801 ] } },
{ "type": "Feature", "properties": { "im": 0.996 }, "geometry": { "type": "Point", "coordinates": [ 34.720759338410595, 3.758097857352789 ] } },
{ "type": "Feature", "properties": { "im": 0.567 }, "geometry": { "type": "Point", "coordinates": [ 34.720867129410713, 3.758097765352796 ] } },
{ "type": "Feature", "properties": { "im": 0.988 }, "geometry": { "type": "Point", "coordinates": [ 34.721945038410659, 3.758096846352796 ] } },
{ "type": "Feature", "properties": { "im": 0.987 }, "geometry": { "type": "Point", "coordinates": [ 34.723525973410652, 3.758095499352772 ] } },
{ "type": "Feature", "properties": { "im": 0.995 }, "geometry": { "type": "Point", "coordinates": [ 34.7236337644106, 3.758095408352768 ] } },
{ "type": "Feature", "properties": { "im": 0.895 }, "geometry": { "type": "Point", "coordinates": [ 34.72480150141066, 3.758094413352775 ] } },
{ "type": "Feature", "properties": { "im": 0.986 }, "geometry": { "type": "Point", "coordinates": [ 34.725502143410516, 3.758093817352825 ] } },
{ "type": "Feature", "properties": { "im": 0.996 }, "geometry": { "type": "Point", "coordinates": [ 34.72596923841072, 3.75809342035276 ] } },
{ "type": "Feature", "properties": { "im": 0.934 }, "geometry": { "type": "Point", "coordinates": [ 34.727424421410625, 3.758092182352779 ] } },
{ "type": "Feature", "properties": { "im": 0.898 }, "geometry": { "type": "Point", "coordinates": [ 34.729831762410548, 3.758090137352862 ] } },
{ "type": "Feature", "properties": { "im": 0.989 }, "geometry": { "type": "Point", "coordinates": [ 34.722681595410585, 3.758078137352778 ] } },
{ "type": "Feature", "properties": { "im": 0.997 }, "geometry": { "type": "Point", "coordinates": [ 34.72282531641067, 3.758078014352829 ] } },
{ "type": "Feature", "properties": { "im": 0.875 }, "geometry": { "type": "Point", "coordinates": [ 34.724657764410573, 3.758076454352785 ] } },
{ "type": "Feature", "properties": { "im": 0.975 }, "geometry": { "type": "Point", "coordinates": [ 34.725286546410722, 3.758075919352758 ] } },
{ "type": "Feature", "properties": { "im": 0.994 }, "geometry": { "type": "Point", "coordinates": [ 34.728071154410735, 3.758073551352903 ] } },
{ "type": "Feature", "properties": { "im": 0.941 }, "geometry": { "type": "Point", "coordinates": [ 34.728196910410666, 3.758073444352898 ] } },
{ "type": "Feature", "properties": { "im": 0.992 }, "geometry": { "type": "Point", "coordinates": [ 34.728376563410698, 3.7580732923528 ] } },
{ "type": "Feature", "properties": { "im": 0.968 }, "geometry": { "type": "Point", "coordinates": [ 34.721136576410707, 3.75806137235278 ] } },
{ "type": "Feature", "properties": { "im": 0.969 }, "geometry": { "type": "Point", "coordinates": [ 34.72180128741055, 3.758060805352808 ] } },
{ "type": "Feature", "properties": { "im": 0.998 }, "geometry": { "type": "Point", "coordinates": [ 34.725178739410602, 3.758057929352868 ] } },
{ "type": "Feature", "properties": { "im": 0.989 }, "geometry": { "type": "Point", "coordinates": [ 34.728556200410729, 3.758055057352887 ] } },
{ "type": "Feature", "properties": { "im": 0.999 }, "geometry": { "type": "Point", "coordinates": [ 34.728663991410677, 3.758054966352769 ] } },
{ "type": "Feature", "properties": { "im": 0.984 }, "geometry": { "type": "Point", "coordinates": [ 34.7297239404107, 3.758054065352805 ] } },
{ "type": "Feature", "properties": { "im": 0.994 }, "geometry": { "type": "Point", "coordinates": [ 34.720615572410587, 3.758043735352852 ] } },
{ "type": "Feature", "properties": { "im": 0.975 }, "geometry": { "type": "Point", "coordinates": [ 34.721244352410586, 3.758043199352779 ] } },
{ "type": "Feature", "properties": { "im": 0.902 }, "geometry": { "type": "Point", "coordinates": [ 34.722070749410669, 3.758042494352845 ] } },
{ "type": "Feature", "properties": { "im": 0.957 }, "geometry": { "type": "Point", "coordinates": [ 34.723148659410661, 3.758041576352833 ] } },
{ "type": "Feature", "properties": { "im": 0.984 }, "geometry": { "type": "Point", "coordinates": [ 34.723328310410714, 3.758041423352803 ] } },
{ "type": "Feature", "properties": { "im": 0.64 }, "geometry": { "type": "Point", "coordinates": [ 34.725735645410644, 3.758039374352757 ] } },
{ "type": "Feature", "properties": { "im": 0.956 }, "geometry": { "type": "Point", "coordinates": [ 34.7209389294106, 3.758025377352761 ] } },
{ "type": "Feature", "properties": { "im": 0.984 }, "geometry": { "type": "Point", "coordinates": [ 34.72291509641061, 3.758023693352778 ] } },
{ "type": "Feature", "properties": { "im": 0.866 }, "geometry": { "type": "Point", "coordinates": [ 34.723436086410537, 3.758023249352813 ] } },
{ "type": "Feature", "properties": { "im": 0.999 }, "geometry": { "type": "Point", "coordinates": [ 34.725088883410614, 3.758021842352799 ] } },
{ "type": "Feature", "properties": { "im": 0.948 }, "geometry": { "type": "Point", "coordinates": [ 34.725394291410645, 3.758021582352764 ] } },
{ "type": "Feature", "properties": { "im": 0.72 }, "geometry": { "type": "Point", "coordinates": [ 34.728466343410638, 3.758018970352761 ] } },
{ "type": "Feature", "properties": { "im": 0.999 }, "geometry": { "type": "Point", "coordinates": [ 34.728789717410585, 3.758018695352827 ] } },
{ "type": "Feature", "properties": { "im": 0.998 }, "geometry": { "type": "Point", "coordinates": [ 34.730065250410711, 3.758017612352798 ] } },
{ "type": "Feature", "properties": { "im": 0.95 }, "geometry": { "type": "Point", "coordinates": [ 34.721334147410651, 3.758006959352794 ] } },
{ "type": "Feature", "properties": { "im": 0.971 }, "geometry": { "type": "Point", "coordinates": [ 34.723669618410689, 3.758004969352807 ] } },
{ "type": "Feature", "properties": { "im": 0.968 }, "geometry": { "type": "Point", "coordinates": [ 34.724891251410632, 3.758003929352834 ] } },
{ "type": "Feature", "properties": { "im": 0.975 }, "geometry": { "type": "Point", "coordinates": [ 34.725609859410575, 3.758003317352769 ] } },
{ "type": "Feature", "properties": { "im": 0.985 }, "geometry": { "type": "Point", "coordinates": [ 34.72045384041072, 3.757989628352813 ] } },
{ "type": "Feature", "properties": { "im": 0.926 }, "geometry": { "type": "Point", "coordinates": [ 34.720849073410669, 3.757989291352795 ] } },
{ "type": "Feature", "properties": { "im": 0.959 }, "geometry": { "type": "Point", "coordinates": [ 34.723022857410591, 3.757987438352781 ] } },
{ "type": "Feature", "properties": { "im": 0.981 }, "geometry": { "type": "Point", "coordinates": [ 34.725915252410708, 3.757984976352784 ] } },
{ "type": "Feature", "properties": { "im": 0.999 }, "geometry": { "type": "Point", "coordinates": [ 34.72737043441068, 3.757983738352858 ] } },
{ "type": "Feature", "properties": { "im": 0.758 }, "geometry": { "type": "Point", "coordinates": [ 34.729831671410658, 3.757981647352859 ] } },
{ "type": "Feature", "properties": { "im": 0.837 }, "geometry": { "type": "Point", "coordinates": [ 34.720741267410595, 3.757971301352792 ] } },
{ "type": "Feature", "properties": { "im": 0.85 }, "geometry": { "type": "Point", "coordinates": [ 34.721172430410682, 3.757970933352762 ] } },
{ "type": "Feature", "properties": { "im": 0.943 }, "geometry": { "type": "Point", "coordinates": [ 34.722214409410661, 3.757970045352773 ] } },
{ "type": "Feature", "properties": { "im": 0.998 }, "geometry": { "type": "Point", "coordinates": [ 34.722340165410593, 3.757969938352768 ] } },
{ "type": "Feature", "properties": { "im": 1.0 }, "geometry": { "type": "Point", "coordinates": [ 34.72278929441071, 3.757969555352839 ] } },
{ "type": "Feature", "properties": { "im": 0.987 }, "geometry": { "type": "Point", "coordinates": [ 34.723525866410704, 3.757968928352763 ] } },
{ "type": "Feature", "properties": { "im": 0.913 }, "geometry": { "type": "Point", "coordinates": [ 34.72525052441059, 3.75796746035277 ] } },
{ "type": "Feature", "properties": { "im": 0.778 }, "geometry": { "type": "Point", "coordinates": [ 34.725807445410588, 3.75796698635278 ] } },
{ "type": "Feature", "properties": { "im": 0.995 }, "geometry": { "type": "Point", "coordinates": [ 34.727550071410711, 3.757965504352764 ] } },
{ "type": "Feature", "properties": { "im": 0.986 }, "geometry": { "type": "Point", "coordinates": [ 34.728340541410738, 3.757964832352878 ] } },
{ "type": "Feature", "properties": { "im": 0.983 }, "geometry": { "type": "Point", "coordinates": [ 34.729939448410583, 3.757963474352858 ] } },
{ "type": "Feature", "properties": { "im": 0.941 }, "geometry": { "type": "Point", "coordinates": [ 34.720310088410734, 3.757953587352769 ] } },
{ "type": "Feature", "properties": { "im": 0.972 }, "geometry": { "type": "Point", "coordinates": [ 34.721028694410698, 3.757952974352771 ] } },
{ "type": "Feature", "properties": { "im": 0.897 }, "geometry": { "type": "Point", "coordinates": [ 34.721711370410695, 3.757952392352844 ] } },
{ "type": "Feature", "properties": { "im": 0.824 }, "geometry": { "type": "Point", "coordinates": [ 34.721980847410656, 3.757952163352821 ] } },
{ "type": "Feature", "properties": { "im": 0.987 }, "geometry": { "type": "Point", "coordinates": [ 34.722106603410587, 3.757952055352827 ] } },
{ "type": "Feature", "properties": { "im": 0.981 }, "geometry": { "type": "Point", "coordinates": [ 34.724747484410692, 3.757949806352793 ] } },
{ "type": "Feature", "properties": { "im": 0.951 }, "geometry": { "type": "Point", "coordinates": [ 34.728645935410576, 3.757946491352778 ] } },
{ "type": "Feature", "properties": { "im": 0.89 }, "geometry": { "type": "Point", "coordinates": [ 34.723400080410578, 3.75793287235282 ] } },
{ "type": "Feature", "properties": { "im": 0.902 }, "geometry": { "type": "Point", "coordinates": [ 34.725699624410616, 3.757930914352836 ] } },
{ "type": "Feature", "properties": { "im": 0.996 }, "geometry": { "type": "Point", "coordinates": [ 34.729723834410684, 3.757927493352805 ] } },
{ "type": "Feature", "properties": { "im": 0.988 }, "geometry": { "type": "Point", "coordinates": [ 34.721873026410741, 3.757916091352764 ] } },
{ "type": "Feature", "properties": { "im": 0.996 }, "geometry": { "type": "Point", "coordinates": [ 34.723274308410701, 3.757914897352773 ] } },
{ "type": "Feature", "properties": { "im": 0.034 }, "geometry": { "type": "Point", "coordinates": [ 34.724945070410705, 3.757913475352804 ] } },
{ "type": "Feature", "properties": { "im": 0.991 }, "geometry": { "type": "Point", "coordinates": [ 34.72507082741074, 3.757913368352798 ] } },
{ "type": "Feature", "properties": { "im": 0.697 }, "geometry": { "type": "Point", "coordinates": [ 34.725430131410597, 3.757913062352794 ] } },
{ "type": "Feature", "properties": { "im": 0.954 }, "geometry": { "type": "Point", "coordinates": [ 34.727460199410721, 3.757911335352811 ] } },
{ "type": "Feature", "properties": { "im": 0.971 }, "geometry": { "type": "Point", "coordinates": [ 34.728484217410731, 3.757910465352803 ] } },
{ "type": "Feature", "properties": { "im": 0.994 }, "geometry": { "type": "Point", "coordinates": [ 34.722447895410617, 3.757897520352822 ] } },
{ "type": "Feature", "properties": { "im": 0.981 }, "geometry": { "type": "Point", "coordinates": [ 34.723166502410628, 3.757896907352769 ] } },
{ "type": "Feature", "properties": { "im": 0.976 }, "geometry": { "type": "Point", "coordinates": [ 34.724837264410688, 3.757895485352913 ] } },
{ "type": "Feature", "properties": { "im": 0.985 }, "geometry": { "type": "Point", "coordinates": [ 34.728807577410656, 3.757892108352816 ] } },
{ "type": "Feature", "properties": { "im": 0.992 }, "geometry": { "type": "Point", "coordinates": [ 34.729633978410526, 3.757891406352849 ] } },
{ "type": "Feature", "properties": { "im": 0.928 }, "geometry": { "type": "Point", "coordinates": [ 34.720597470410688, 3.757881016352793 ] } },
{ "type": "Feature", "properties": { "im": 0.986 }, "geometry": { "type": "Point", "coordinates": [ 34.720831016410692, 3.757880816352861 ] } },
{ "type": "Feature", "properties": { "im": 0.992 }, "geometry": { "type": "Point", "coordinates": [ 34.721244215410671, 3.757880464352833 ] } },
{ "type": "Feature", "properties": { "im": 0.988 }, "geometry": { "type": "Point", "coordinates": [ 34.721352006410619, 3.757880372352839 ] } },
{ "type": "Feature", "properties": { "im": 0.997 }, "geometry": { "type": "Point", "coordinates": [ 34.723040731410627, 3.75787893335288 ] } },
{ "type": "Feature", "properties": { "im": 0.995 }, "geometry": { "type": "Point", "coordinates": [ 34.725519926410662, 3.757876822352809 ] } },
{ "type": "Feature", "properties": { "im": 0.871 }, "geometry": { "type": "Point", "coordinates": [ 34.72733441241072, 3.757875279352869 ] } },
{ "type": "Feature", "properties": { "im": 0.994 }, "geometry": { "type": "Point", "coordinates": [ 34.727711682410664, 3.757874958352796 ] } },
{ "type": "Feature", "properties": { "im": 0.937 }, "geometry": { "type": "Point", "coordinates": [ 34.729975302410729, 3.757873035352839 ] } },
{ "type": "Feature", "properties": { "im": 0.993 }, "geometry": { "type": "Point", "coordinates": [ 34.720399838410707, 3.757863103352828 ] } },
{ "type": "Feature", "properties": { "im": 0.984 }, "geometry": { "type": "Point", "coordinates": [ 34.720705245410635, 3.757862842352802 ] } },
{ "type": "Feature", "properties": { "im": 0.636 }, "geometry": { "type": "Point", "coordinates": [ 34.722160422410717, 3.757861601352796 ] } },
{ "type": "Feature", "properties": { "im": 0.987 }, "geometry": { "type": "Point", "coordinates": [ 34.722268213410665, 3.757861510352792 ] } },
{ "type": "Feature", "properties": { "im": 0.925 }, "geometry": { "type": "Point", "coordinates": [ 34.725160607410679, 3.757859046352758 ] } },
{ "type": "Feature", "properties": { "im": 0.943 }, "geometry": { "type": "Point", "coordinates": [ 34.725286363410611, 3.75785893935281 ] } },
{ "type": "Feature", "properties": { "im": 0.92 }, "geometry": { "type": "Point", "coordinates": [ 34.727585910410731, 3.757856983352862 ] } },
{ "type": "Feature", "properties": { "im": 0.996 }, "geometry": { "type": "Point", "coordinates": [ 34.729849530410625, 3.757855060352791 ] } },
{ "type": "Feature", "properties": { "im": 0.996 }, "geometry": { "type": "Point", "coordinates": [ 34.720292032410633, 3.757845113352768 ] } },
{ "type": "Feature", "properties": { "im": 0.981 }, "geometry": { "type": "Point", "coordinates": [ 34.720920812410633, 3.757844577352809 ] } },
{ "type": "Feature", "properties": { "im": 0.99 }, "geometry": { "type": "Point", "coordinates": [ 34.721639418410597, 3.757843964352811 ] } },
{ "type": "Feature", "properties": { "im": 0.988 }, "geometry": { "type": "Point", "coordinates": [ 34.721765174410699, 3.757843857352805 ] } },
{ "type": "Feature", "properties": { "im": 0.938 }, "geometry": { "type": "Point", "coordinates": [ 34.728681774410653, 3.757837970352762 ] } },
{ "type": "Feature", "properties": { "im": 0.971 }, "geometry": { "type": "Point", "coordinates": [ 34.721082483410576, 3.757826357352793 ] } },
{ "type": "Feature", "properties": { "im": 0.986 }, "geometry": { "type": "Point", "coordinates": [ 34.721980740410594, 3.757825591352822 ] } },
{ "type": "Feature", "properties": { "im": 0.952 }, "geometry": { "type": "Point", "coordinates": [ 34.723453884410638, 3.757824336352793 ] } },
{ "type": "Feature", "properties": { "im": 0.992 }, "geometry": { "type": "Point", "coordinates": [ 34.723597605410667, 3.757824214352775 ] } },
{ "type": "Feature", "properties": { "im": 0.88 }, "geometry": { "type": "Point", "coordinates": [ 34.725016855410693, 3.757823005352772 ] } },
{ "type": "Feature", "properties": { "im": 0.997 }, "geometry": { "type": "Point", "coordinates": [ 34.725394124410592, 3.757822684352869 ] } },
{ "type": "Feature", "properties": { "im": 0.949 }, "geometry": { "type": "Point", "coordinates": [ 34.725627672410688, 3.757822485352757 ] } },
{ "type": "Feature", "properties": { "im": 0.996 }, "geometry": { "type": "Point", "coordinates": [ 34.72578935941069, 3.757822348352842 ] } },
{ "type": "Feature", "properties": { "im": 0.962 }, "geometry": { "type": "Point", "coordinates": [ 34.725897150410638, 3.757822256352791 ] } },
{ "type": "Feature", "properties": { "im": 0.913 }, "geometry": { "type": "Point", "coordinates": [ 34.72050758341063, 3.757808766352777 ] } },
{ "type": "Feature", "properties": { "im": 0.902 }, "geometry": { "type": "Point", "coordinates": [ 34.72187293441052, 3.757807602352865 ] } },
{ "type": "Feature", "properties": { "im": 0.629 }, "geometry": { "type": "Point", "coordinates": [ 34.722519680410606, 3.757807050352791 ] } },
{ "type": "Feature", "properties": { "im": 0.979 }, "geometry": { "type": "Point", "coordinates": [ 34.723130496410668, 3.757806530352776 ] } },
{ "type": "Feature", "properties": { "im": 0.995 }, "geometry": { "type": "Point", "coordinates": [ 34.727262491410691, 3.757803013352794 ] } },
{ "type": "Feature", "properties": { "im": 0.998 }, "geometry": { "type": "Point", "coordinates": [ 34.728591918410665, 3.757801883352808 ] } },
{ "type": "Feature", "properties": { "im": 0.503 }, "geometry": { "type": "Point", "coordinates": [ 34.729562041410723, 3.757801059352767 ] } },
{ "type": "Feature", "properties": { "im": 0.933 }, "geometry": { "type": "Point", "coordinates": [ 34.721208208410609, 3.757790087352897 ] } },
{ "type": "Feature", "properties": { "im": 0.982 }, "geometry": { "type": "Point", "coordinates": [ 34.722699316410704, 3.75778881635281 ] } },
{ "type": "Feature", "properties": { "im": 0.989 }, "geometry": { "type": "Point", "coordinates": [ 34.727424163410738, 3.757784794352825 ] } },
{ "type": "Feature", "properties": { "im": 0.988 }, "geometry": { "type": "Point", "coordinates": [ 34.720830925410574, 3.757772327352849 ] } },
{ "type": "Feature", "properties": { "im": 1.0 }, "geometry": { "type": "Point", "coordinates": [ 34.721315984410658, 3.757771913352908 ] } },
{ "type": "Feature", "properties": { "im": 0.984 }, "geometry": { "type": "Point", "coordinates": [ 34.722124416410587, 3.757771224352861 ] } },
{ "type": "Feature", "properties": { "im": 0.979 }, "geometry": { "type": "Point", "coordinates": [ 34.722339998410654, 3.75777104035276 ] } },
{ "type": "Feature", "properties": { "im": 0.939 }, "geometry": { "type": "Point", "coordinates": [ 34.725537800410528, 3.757768317352794 ] } },
{ "type": "Feature", "properties": { "im": 0.994 }, "geometry": { "type": "Point", "coordinates": [ 34.727837348410581, 3.757766361352789 ] } },
{ "type": "Feature", "properties": { "im": 0.998 }, "geometry": { "type": "Point", "coordinates": [ 34.720345851410592, 3.757754659352794 ] } },
{ "type": "Feature", "properties": { "im": 0.969 }, "geometry": { "type": "Point", "coordinates": [ 34.72068718941059, 3.757754368352801 ] } },
{ "type": "Feature", "properties": { "im": 0.974 }, "geometry": { "type": "Point", "coordinates": [ 34.720992596410518, 3.757754107352777 ] } },
{ "type": "Feature", "properties": { "im": 1.0 }, "geometry": { "type": "Point", "coordinates": [ 34.722609460410716, 3.757752729352855 ] } },
{ "type": "Feature", "properties": { "im": 0.953 }, "geometry": { "type": "Point", "coordinates": [ 34.723292137410645, 3.75775214735287 ] } },
{ "type": "Feature", "properties": { "im": 0.994 }, "geometry": { "type": "Point", "coordinates": [ 34.725268307410737, 3.757750465352809 ] } },
{ "type": "Feature", "properties": { "im": 0.995 }, "geometry": { "type": "Point", "coordinates": [ 34.7276037854107, 3.757748478352847 ] } },
{ "type": "Feature", "properties": { "im": 0.992 }, "geometry": { "type": "Point", "coordinates": [ 34.729472169410734, 3.757746890352816 ] } },
{ "type": "Feature", "properties": { "im": 0.947 }, "geometry": { "type": "Point", "coordinates": [ 34.729723683410576, 3.757746676352861 ] } },
{ "type": "Feature", "properties": { "im": 0.999 }, "geometry": { "type": "Point", "coordinates": [ 34.729903335410732, 3.757746524352763 ] } },
{ "type": "Feature", "properties": { "im": 0.958 }, "geometry": { "type": "Point", "coordinates": [ 34.720166184410708, 3.75773673135276 ] } },
{ "type": "Feature", "properties": { "im": 0.985 }, "geometry": { "type": "Point", "coordinates": [ 34.721549501410685, 3.757735551352847 ] } },
{ "type": "Feature", "properties": { "im": 0.437 }, "geometry": { "type": "Point", "coordinates": [ 34.722232177410682, 3.757734969352806 ] } },
{ "type": "Feature", "properties": { "im": 1.0 }, "geometry": { "type": "Point", "coordinates": [ 34.722429793410718, 3.757734801352763 ] } },
{ "type": "Feature", "properties": { "im": 0.989 }, "geometry": { "type": "Point", "coordinates": [ 34.723399913410695, 3.757733974352813 ] } },
{ "type": "Feature", "properties": { "im": 0.963 }, "geometry": { "type": "Point", "coordinates": [ 34.723525669410627, 3.757733867352864 ] } },
{ "type": "Feature", "properties": { "im": 0.761 }, "geometry": { "type": "Point", "coordinates": [ 34.725429979410613, 3.757732245352908 ] } },
{ "type": "Feature", "properties": { "im": 0.995 }, "geometry": { "type": "Point", "coordinates": [ 34.727747491410661, 3.757730274352833 ] } },
{ "type": "Feature", "properties": { "im": 0.955 }, "geometry": { "type": "Point", "coordinates": [ 34.721729137410613, 3.757717316352764 ] } },
{ "type": "Feature", "properties": { "im": 0.779 }, "geometry": { "type": "Point", "coordinates": [ 34.7220345454107, 3.757717056352897 ] } },
{ "type": "Feature", "properties": { "im": 0.994 }, "geometry": { "type": "Point", "coordinates": [ 34.725645546410611, 3.7577139803528 ] } },
{ "type": "Feature", "properties": { "im": 0.985 }, "geometry": { "type": "Point", "coordinates": [ 34.728160676410674, 3.75771184135291 ] } },
{ "type": "Feature", "properties": { "im": 0.061 }, "geometry": { "type": "Point", "coordinates": [ 34.720255980410705, 3.757700491352774 ] } },
{ "type": "Feature", "properties": { "im": 0.996 }, "geometry": { "type": "Point", "coordinates": [ 34.72517843641068, 3.7576962963528 ] } },
{ "type": "Feature", "properties": { "im": 0.996 }, "geometry": { "type": "Point", "coordinates": [ 34.72798100941062, 3.757693912352774 ] } },
{ "type": "Feature", "properties": { "im": 0.973 }, "geometry": { "type": "Point", "coordinates": [ 34.72961584641066, 3.75769252335291 ] } },
{ "type": "Feature", "properties": { "im": 0.438 }, "geometry": { "type": "Point", "coordinates": [ 34.721082361410616, 3.7576817043529 ] } },
{ "type": "Feature", "properties": { "im": 0.97 }, "geometry": { "type": "Point", "coordinates": [ 34.721190152410735, 3.757681613352896 ] } },
{ "type": "Feature", "properties": { "im": 0.952 }, "geometry": { "type": "Point", "coordinates": [ 34.721890793410715, 3.757681015352854 ] } },
{ "type": "Feature", "properties": { "im": 0.962 }, "geometry": { "type": "Point", "coordinates": [ 34.720561357410666, 3.757664067352802 ] } },
{ "type": "Feature", "properties": { "im": 0.993 }, "geometry": { "type": "Point", "coordinates": [ 34.722519558410589, 3.757662398352831 ] } },
{ "type": "Feature", "properties": { "im": 0.998 }, "geometry": { "type": "Point", "coordinates": [ 34.722896827410601, 3.757662076352768 ] } },
{ "type": "Feature", "properties": { "im": 0.968 }, "geometry": { "type": "Point", "coordinates": [ 34.725771257410621, 3.757659628352851 ] } },
{ "type": "Feature", "properties": { "im": 1.0 }, "geometry": { "type": "Point", "coordinates": [ 34.72724440441052, 3.757658375352857 ] } },
{ "type": "Feature", "properties": { "im": 0.997 }, "geometry": { "type": "Point", "coordinates": [ 34.729831398410703, 3.75765617635292 ] } },
{ "type": "Feature", "properties": { "im": 0.973 }, "geometry": { "type": "Point", "coordinates": [ 34.720740993410594, 3.757645832352774 ] } },
{ "type": "Feature", "properties": { "im": 0.968 }, "geometry": { "type": "Point", "coordinates": [ 34.720938609410574, 3.757645664352788 ] } },
{ "type": "Feature", "properties": { "im": 0.953 }, "geometry": { "type": "Point", "coordinates": [ 34.721639250410547, 3.757645066352803 ] } },
{ "type": "Feature", "properties": { "im": 0.869 }, "geometry": { "type": "Point", "coordinates": [ 34.722196170410619, 3.757644592352757 ] } },
{ "type": "Feature", "properties": { "im": 0.985 }, "geometry": { "type": "Point", "coordinates": [ 34.722357857410621, 3.757644454352852 ] } },
{ "type": "Feature", "properties": { "im": 0.992 }, "geometry": { "type": "Point", "coordinates": [ 34.722627334410639, 3.75764422435284 ] } },
{ "type": "Feature", "properties": { "im": 0.477 }, "geometry": { "type": "Point", "coordinates": [ 34.723489662410735, 3.757643489352768 ] } },
{ "type": "Feature", "properties": { "im": 0.995 }, "geometry": { "type": "Point", "coordinates": [ 34.7253400774106, 3.757641914352826 ] } },
{ "type": "Feature", "properties": { "im": 0.989 }, "geometry": { "type": "Point", "coordinates": [ 34.72738811141064, 3.757640171352842 ] } },
{ "type": "Feature", "properties": { "im": 0.915 }, "geometry": { "type": "Point", "coordinates": [ 34.727549798410585, 3.757640034352813 ] } },
{ "type": "Feature", "properties": { "im": 0.987 }, "geometry": { "type": "Point", "coordinates": [ 34.727819276410649, 3.75763980535279 ] } },
{ "type": "Feature", "properties": { "im": 0.998 }, "geometry": { "type": "Point", "coordinates": [ 34.728250442410648, 3.757639438352807 ] } },
{ "type": "Feature", "properties": { "im": 0.996 }, "geometry": { "type": "Point", "coordinates": [ 34.729705626410599, 3.757638201352758 ] } },
{ "type": "Feature", "properties": { "im": 0.925 }, "geometry": { "type": "Point", "coordinates": [ 34.720166093410647, 3.757628241352757 ] } },
{ "type": "Feature", "properties": { "im": 0.891 }, "geometry": { "type": "Point", "coordinates": [ 34.720345744410643, 3.757628088352841 ] } },
{ "type": "Feature", "properties": { "im": 0.978 }, "geometry": { "type": "Point", "coordinates": [ 34.720453535410591, 3.75762799635279 ] } },
{ "type": "Feature", "properties": { "im": 0.92 }, "geometry": { "type": "Point", "coordinates": [ 34.727675539410619, 3.757621845352924 ] } },
{ "type": "Feature", "properties": { "im": 0.988 }, "geometry": { "type": "Point", "coordinates": [ 34.728052809410734, 3.757621524352795 ] } },
{ "type": "Feature", "properties": { "im": 0.975 }, "geometry": { "type": "Point", "coordinates": [ 34.72943613341058, 3.757620349352886 ] } },
{ "type": "Feature", "properties": { "im": 0.998 }, "geometry": { "type": "Point", "coordinates": [ 34.721782941410673, 3.757608781352839 ] } },
{ "type": "Feature", "properties": { "im": 0.984 }, "geometry": { "type": "Point", "coordinates": [ 34.72203445341065, 3.757608566352781 ] } },
{ "type": "Feature", "properties": { "im": 0.996 }, "geometry": { "type": "Point", "coordinates": [ 34.72271713041058, 3.757607984352854 ] } },
{ "type": "Feature", "properties": { "im": 0.97 }, "geometry": { "type": "Point", "coordinates": [ 34.725447838410581, 3.757605659352829 ] } },
{ "type": "Feature", "properties": { "im": 0.858 }, "geometry": { "type": "Point", "coordinates": [ 34.721154145410672, 3.757591235352801 ] } },
{ "type": "Feature", "properties": { "im": 0.969 }, "geometry": { "type": "Point", "coordinates": [ 34.721531414410684, 3.757590913352852 ] } },
{ "type": "Feature", "properties": { "im": 0.995 }, "geometry": { "type": "Point", "coordinates": [ 34.725555614410631, 3.757587485352838 ] } },
{ "type": "Feature", "properties": { "im": 0.912 }, "geometry": { "type": "Point", "coordinates": [ 34.725663405410579, 3.757587393352845 ] } },
{ "type": "Feature", "properties": { "im": 0.975 }, "geometry": { "type": "Point", "coordinates": [ 34.727154517410632, 3.757586125352896 ] } },
{ "type": "Feature", "properties": { "im": 0.925 }, "geometry": { "type": "Point", "coordinates": [ 34.728160570410658, 3.757585269352854 ] } },
{ "type": "Feature", "properties": { "im": 0.955 }, "geometry": { "type": "Point", "coordinates": [ 34.720255873410586, 3.757573920352764 ] } },
{ "type": "Feature", "properties": { "im": 0.942 }, "geometry": { "type": "Point", "coordinates": [ 34.721872736410681, 3.757572541352852 ] } },
{ "type": "Feature", "properties": { "im": 0.957 }, "geometry": { "type": "Point", "coordinates": [ 34.722429656410576, 3.757572066352817 ] } },
{ "type": "Feature", "properties": { "im": 0.976 }, "geometry": { "type": "Point", "coordinates": [ 34.727298224410525, 3.757567921352825 ] } },
{ "type": "Feature", "properties": { "im": 0.988 }, "geometry": { "type": "Point", "coordinates": [ 34.728340207410689, 3.75756703535276 ] } },
{ "type": "Feature", "properties": { "im": 0.945 }, "geometry": { "type": "Point", "coordinates": [ 34.729615740410644, 3.757565951352854 ] } },
{ "type": "Feature", "properties": { "im": 0.982 }, "geometry": { "type": "Point", "coordinates": [ 34.720687021410548, 3.75755547035285 ] } },
{ "type": "Feature", "properties": { "im": 0.996 }, "geometry": { "type": "Point", "coordinates": [ 34.721064289410684, 3.757555149352835 ] } },
{ "type": "Feature", "properties": { "im": 0.915 }, "geometry": { "type": "Point", "coordinates": [ 34.721693070410559, 3.757554612352772 ] } },
{ "type": "Feature", "properties": { "im": 0.986 }, "geometry": { "type": "Point", "coordinates": [ 34.72216016441066, 3.757554214352832 ] } },
{ "type": "Feature", "properties": { "im": 0.935 }, "geometry": { "type": "Point", "coordinates": [ 34.722267955410608, 3.757554122352838 ] } },
{ "type": "Feature", "properties": { "im": 0.814 }, "geometry": { "type": "Point", "coordinates": [ 34.72286080541064, 3.757553617352779 ] } },
{ "type": "Feature", "properties": { "im": 0.792 }, "geometry": { "type": "Point", "coordinates": [ 34.725753200410587, 3.757551154352849 ] } },
{ "type": "Feature", "properties": { "im": 0.971 }, "geometry": { "type": "Point", "coordinates": [ 34.727855131410728, 3.757549366352772 ] } },
{ "type": "Feature", "properties": { "im": 0.869 }, "geometry": { "type": "Point", "coordinates": [ 34.72974148141062, 3.757547762352853 ] } },
{ "type": "Feature", "properties": { "im": 1.0 }, "geometry": { "type": "Point", "coordinates": [ 34.720130087410688, 3.757537864352822 ] } },
{ "type": "Feature", "properties": { "im": 0.995 }, "geometry": { "type": "Point", "coordinates": [ 34.720794797410598, 3.757537297352793 ] } },
{ "type": "Feature", "properties": { "im": 0.015 }, "geometry": { "type": "Point", "coordinates": [ 34.721441542410581, 3.757536745352832 ] } },
{ "type": "Feature", "properties": { "im": 0.981 }, "geometry": { "type": "Point", "coordinates": [ 34.722555382410711, 3.757535796352808 ] } },
{ "type": "Feature", "properties": { "im": 0.96 }, "geometry": { "type": "Point", "coordinates": [ 34.727477846410657, 3.757531605352848 ] } },
{ "type": "Feature", "properties": { "im": 0.993 }, "geometry": { "type": "Point", "coordinates": [ 34.727603602410589, 3.757531498352843 ] } },
{ "type": "Feature", "properties": { "im": 0.98 }, "geometry": { "type": "Point", "coordinates": [ 34.720453444410701, 3.757519506352788 ] } },
{ "type": "Feature", "properties": { "im": 0.989 }, "geometry": { "type": "Point", "coordinates": [ 34.720902572410715, 3.757519123352859 ] } },
{ "type": "Feature", "properties": { "im": 0.98 }, "geometry": { "type": "Point", "coordinates": [ 34.72199844741052, 3.75751818935279 ] } },
{ "type": "Feature", "properties": { "im": 0.902 }, "geometry": { "type": "Point", "coordinates": [ 34.722752984410725, 3.757517546352825 ] } },
{ "type": "Feature", "properties": { "im": 0.967 }, "geometry": { "type": "Point", "coordinates": [ 34.727747309410653, 3.757513294352829 ] } },
{ "type": "Feature", "properties": { "im": 0.981 }, "geometry": { "type": "Point", "coordinates": [ 34.727998822410619, 3.757513080352819 ] } },
{ "type": "Feature", "properties": { "im": 0.698 }, "geometry": { "type": "Point", "coordinates": [ 34.720327673410701, 3.757501532352843 ] } },
{ "type": "Feature", "properties": { "im": 0.982 }, "geometry": { "type": "Point", "coordinates": [ 34.72298651641065, 3.75749926535283 ] } },
{ "type": "Feature", "properties": { "im": 0.928 }, "geometry": { "type": "Point", "coordinates": [ 34.727370024410639, 3.75749553335279 ] } },
{ "type": "Feature", "properties": { "im": 0.957 }, "geometry": { "type": "Point", "coordinates": [ 34.720022250410715, 3.757483711352758 ] } },
{ "type": "Feature", "properties": { "im": 0.95 }, "geometry": { "type": "Point", "coordinates": [ 34.720579169410676, 3.757483236352836 ] } },
{ "type": "Feature", "properties": { "im": 0.996 }, "geometry": { "type": "Point", "coordinates": [ 34.721172019410709, 3.757482730352787 ] } },
{ "type": "Feature", "properties": { "im": 0.188 }, "geometry": { "type": "Point", "coordinates": [ 34.721549287410674, 3.757482408352781 ] } },
{ "type": "Feature", "properties": { "im": 0.983 }, "geometry": { "type": "Point", "coordinates": [ 34.721782835410657, 3.757482209352839 ] } },
{ "type": "Feature", "properties": { "im": 0.982 }, "geometry": { "type": "Point", "coordinates": [ 34.722088242410585, 3.757481949352803 ] } },
{ "type": "Feature", "properties": { "im": 1.0 }, "geometry": { "type": "Point", "coordinates": [ 34.727208322410739, 3.757477589352813 ] } },
{ "type": "Feature", "properties": { "im": 0.535 }, "geometry": { "type": "Point", "coordinates": [ 34.728286236410575, 3.757476672352904 ] } },
{ "type": "Feature", "properties": { "im": 0.998 }, "geometry": { "type": "Point", "coordinates": [ 34.729507872410601, 3.757475634352796 ] } },
{ "type": "Feature", "properties": { "im": 0.982 }, "geometry": { "type": "Point", "coordinates": [ 34.720992353410587, 3.75746480235281 ] } },
{ "type": "Feature", "properties": { "im": 0.999 }, "geometry": { "type": "Point", "coordinates": [ 34.722465495410653, 3.757463546352791 ] } },
{ "type": "Feature", "properties": { "im": 0.983 }, "geometry": { "type": "Point", "coordinates": [ 34.722896660410719, 3.757463178352761 ] } },
{ "type": "Feature", "properties": { "im": 0.996 }, "geometry": { "type": "Point", "coordinates": [ 34.723112242410615, 3.757462994352773 ] } },
{ "type": "Feature", "properties": { "im": 0.963 }, "geometry": { "type": "Point", "coordinates": [ 34.723273928410627, 3.757462857352915 ] } },
{ "type": "Feature", "properties": { "im": 0.991 }, "geometry": { "type": "Point", "coordinates": [ 34.728142499410659, 3.757458713352857 ] } },
{ "type": "Feature", "properties": { "im": 0.963 }, "geometry": { "type": "Point", "coordinates": [ 34.729382100410668, 3.757457659352862 ] } },
{ "type": "Feature", "properties": { "im": 0.982 }, "geometry": { "type": "Point", "coordinates": [ 34.729813266410609, 3.75745729335281 ] } },
{ "type": "Feature", "properties": { "im": 0.72 }, "geometry": { "type": "Point", "coordinates": [ 34.720704895410641, 3.757446966352769 ] } },
{ "type": "Feature", "properties": { "im": 0.98 }, "geometry": { "type": "Point", "coordinates": [ 34.721639083410672, 3.757446169352785 ] } },
{ "type": "Feature", "properties": { "im": 0.98 }, "geometry": { "type": "Point", "coordinates": [ 34.722321759410669, 3.7574455873528 ] } },
{ "type": "Feature", "properties": { "im": 0.98 }, "geometry": { "type": "Point", "coordinates": [ 34.725699214410575, 3.757442710352758 ] } },
{ "type": "Feature", "properties": { "im": 0.994 }, "geometry": { "type": "Point", "coordinates": [ 34.72711846641058, 3.757441502352857 ] } },
{ "type": "Feature", "properties": { "im": 0.969 }, "geometry": { "type": "Point", "coordinates": [ 34.727873005410594, 3.757440860352768 ] } },
{ "type": "Feature", "properties": { "im": 0.997 }, "geometry": { "type": "Point", "coordinates": [ 34.729705460410592, 3.75743930335292 ] } },
{ "type": "Feature", "properties": { "im": 0.997 }, "geometry": { "type": "Point", "coordinates": [ 34.720219821410659, 3.757429298352827 ] } },
{ "type": "Feature", "properties": { "im": 0.994 }, "geometry": { "type": "Point", "coordinates": [ 34.721459416410617, 3.757428240352819 ] } },
{ "type": "Feature", "properties": { "im": 0.891 }, "geometry": { "type": "Point", "coordinates": [ 34.721872615410597, 3.757427888352789 ] } },
{ "type": "Feature", "properties": { "im": 0.99 }, "geometry": { "type": "Point", "coordinates": [ 34.722609186410715, 3.757427260352837 ] } },
{ "type": "Feature", "properties": { "im": 0.867 }, "geometry": { "type": "Point", "coordinates": [ 34.727477755410597, 3.757423115352846 ] } },
{ "type": "Feature", "properties": { "im": 0.997 }, "geometry": { "type": "Point", "coordinates": [ 34.720381492410603, 3.757411078352813 ] } },
{ "type": "Feature", "properties": { "im": 0.91 }, "geometry": { "type": "Point", "coordinates": [ 34.720489283410721, 3.757410986352819 ] } },
{ "type": "Feature", "properties": { "im": 0.559 }, "geometry": { "type": "Point", "coordinates": [ 34.720902481410654, 3.75741063435279 ] } },
{ "type": "Feature", "properties": { "im": 0.998 }, "geometry": { "type": "Point", "coordinates": [ 34.721333645410617, 3.75741026635276 ] } },
{ "type": "Feature", "properties": { "im": 0.94 }, "geometry": { "type": "Point", "coordinates": [ 34.722752893410608, 3.757409056352822 ] } },
{ "type": "Feature", "properties": { "im": 0.855 }, "geometry": { "type": "Point", "coordinates": [ 34.72758553141059, 3.757404941352855 ] } },
{ "type": "Feature", "properties": { "im": 0.996 }, "geometry": { "type": "Point", "coordinates": [ 34.727693322410538, 3.757404850352908 ] } },
{ "type": "Feature", "properties": { "im": 0.994 }, "geometry": { "type": "Point", "coordinates": [ 34.727980766410518, 3.757404605352828 ] } },
{ "type": "Feature", "properties": { "im": 0.992 }, "geometry": { "type": "Point", "coordinates": [ 34.729597638410574, 3.757403231352863 ] } },
{ "type": "Feature", "properties": { "im": 1.0 }, "geometry": { "type": "Point", "coordinates": [ 34.72005810441069, 3.757393273352842 ] } },
{ "type": "Feature", "properties": { "im": 0.96 }, "geometry": { "type": "Point", "coordinates": [ 34.721998340410629, 3.75739161735279 ] } },
{ "type": "Feature", "properties": { "im": 0.998 }, "geometry": { "type": "Point", "coordinates": [ 34.727010629410664, 3.757387349352793 ] } },
{ "type": "Feature", "properties": { "im": 0.987 }, "geometry": { "type": "Point", "coordinates": [ 34.727387898410676, 3.757387028352777 ] } },
{ "type": "Feature", "properties": { "im": 0.983 }, "geometry": { "type": "Point", "coordinates": [ 34.72825022941074, 3.757386294352808 ] } },
{ "type": "Feature", "properties": { "im": 0.983 }, "geometry": { "type": "Point", "coordinates": [ 34.722231872410546, 3.757373337352784 ] } },
{ "type": "Feature", "properties": { "im": 0.481 }, "geometry": { "type": "Point", "coordinates": [ 34.722860653410656, 3.757372801352768 ] } },
{ "type": "Feature", "properties": { "im": 0.999 }, "geometry": { "type": "Point", "coordinates": [ 34.723004374410742, 3.757372678352762 ] } },
{ "type": "Feature", "properties": { "im": 0.931 }, "geometry": { "type": "Point", "coordinates": [ 34.720291621410716, 3.75735691035285 ] } },
{ "type": "Feature", "properties": { "im": 0.997 }, "geometry": { "type": "Point", "coordinates": [ 34.720812610410547, 3.757356466352827 ] } },
{ "type": "Feature", "properties": { "im": 0.948 }, "geometry": { "type": "Point", "coordinates": [ 34.721064122410574, 3.757356251352884 ] } },
{ "type": "Feature", "properties": { "im": 0.903 }, "geometry": { "type": "Point", "coordinates": [ 34.721549181410658, 3.757355837352772 ] } },
{ "type": "Feature", "properties": { "im": 0.874 }, "geometry": { "type": "Point", "coordinates": [ 34.721782728410709, 3.757355638352772 ] } },
{ "type": "Feature", "properties": { "im": 0.988 }, "geometry": { "type": "Point", "coordinates": [ 34.722429474410568, 3.757355087352801 ] } },
{ "type": "Feature", "properties": { "im": 0.935 }, "geometry": { "type": "Point", "coordinates": [ 34.727280077410533, 3.75735095635289 ] } },
{ "type": "Feature", "properties": { "im": 0.648 }, "geometry": { "type": "Point", "coordinates": [ 34.728070547410617, 3.757350284352834 ] } },
{ "type": "Feature", "properties": { "im": 0.991 }, "geometry": { "type": "Point", "coordinates": [ 34.729453870410588, 3.757349108352765 ] } },
{ "type": "Feature", "properties": { "im": 0.996 }, "geometry": { "type": "Point", "coordinates": [ 34.720561082410732, 3.757338599352773 ] } },
{ "type": "Feature", "properties": { "im": 0.979 }, "geometry": { "type": "Point", "coordinates": [ 34.720686838410664, 3.757338491352836 ] } },
{ "type": "Feature", "properties": { "im": 1.0 }, "geometry": { "type": "Point", "coordinates": [ 34.723219926410614, 3.757336331352771 ] } },
{ "type": "Feature", "properties": { "im": 0.279 }, "geometry": { "type": "Point", "coordinates": [ 34.723327717410733, 3.757336239352834 ] } },
{ "type": "Feature", "properties": { "im": 0.784 }, "geometry": { "type": "Point", "coordinates": [ 34.727100409410603, 3.757333027352809 ] } },
{ "type": "Feature", "properties": { "im": 0.97 }, "geometry": { "type": "Point", "coordinates": [ 34.727513609410686, 3.757332676352827 ] } },
{ "type": "Feature", "properties": { "im": 0.987 }, "geometry": { "type": "Point", "coordinates": [ 34.727765123410528, 3.757332462352873 ] } },
{ "type": "Feature", "properties": { "im": 0.953 }, "geometry": { "type": "Point", "coordinates": [ 34.72789087941063, 3.757332355352867 ] } },
{ "type": "Feature", "properties": { "im": 0.499 }, "geometry": { "type": "Point", "coordinates": [ 34.729669438410632, 3.757330843352829 ] } },
{ "type": "Feature", "properties": { "im": 0.995 }, "geometry": { "type": "Point", "coordinates": [ 34.720453276410659, 3.75732060935277 ] } },
{ "type": "Feature", "properties": { "im": 0.96 }, "geometry": { "type": "Point", "coordinates": [ 34.72169287241055, 3.757319552352806 ] } },
{ "type": "Feature", "properties": { "im": 0.325 }, "geometry": { "type": "Point", "coordinates": [ 34.72232165241072, 3.757319015352915 ] } },
{ "type": "Feature", "properties": { "im": 0.813 }, "geometry": { "type": "Point", "coordinates": [ 34.722645025410735, 3.75731874035281 ] } },
{ "type": "Feature", "properties": { "im": 0.945 }, "geometry": { "type": "Point", "coordinates": [ 34.728178308410712, 3.757314029352779 ] } },
{ "type": "Feature", "properties": { "im": 0.985 }, "geometry": { "type": "Point", "coordinates": [ 34.720974250410642, 3.757302083352864 ] } },
{ "type": "Feature", "properties": { "im": 0.998 }, "geometry": { "type": "Point", "coordinates": [ 34.721441344410742, 3.757301684352821 ] } },
{ "type": "Feature", "properties": { "im": 0.999 }, "geometry": { "type": "Point", "coordinates": [ 34.721890473410689, 3.757301301352778 ] } },
{ "type": "Feature", "properties": { "im": 0.984 }, "geometry": { "type": "Point", "coordinates": [ 34.72203419541065, 3.757301179352761 ] } },
{ "type": "Feature", "properties": { "im": 0.996 }, "geometry": { "type": "Point", "coordinates": [ 34.722537219410718, 3.757300750352807 ] } },
{ "type": "Feature", "properties": { "im": 0.993 }, "geometry": { "type": "Point", "coordinates": [ 34.730477844410721, 3.757293993352813 ] } },
{ "type": "Feature", "properties": { "im": 0.991 }, "geometry": { "type": "Point", "coordinates": [ 34.720183769410674, 3.757284676352834 ] } },
{ "type": "Feature", "properties": { "im": 0.927 }, "geometry": { "type": "Point", "coordinates": [ 34.722141970410597, 3.75728300535277 ] } },
{ "type": "Feature", "properties": { "im": 0.998 }, "geometry": { "type": "Point", "coordinates": [ 34.72695664241072, 3.757278904352883 ] } },
{ "type": "Feature", "properties": { "im": 0.997 }, "geometry": { "type": "Point", "coordinates": [ 34.727190190410646, 3.75727870635276 ] } },
{ "type": "Feature", "properties": { "im": 0.976 }, "geometry": { "type": "Point", "coordinates": [ 34.727998625410656, 3.757278018352816 ] } },
{ "type": "Feature", "properties": { "im": 0.995 }, "geometry": { "type": "Point", "coordinates": [ 34.729579566410642, 3.757276674352875 ] } },
{ "type": "Feature", "properties": { "im": 0.975 }, "geometry": { "type": "Point", "coordinates": [ 34.721351488410583, 3.757265598352855 ] } },
{ "type": "Feature", "properties": { "im": 0.907 }, "geometry": { "type": "Point", "coordinates": [ 34.722788701410728, 3.757264372352859 ] } },
{ "type": "Feature", "properties": { "im": 0.991 }, "geometry": { "type": "Point", "coordinates": [ 34.722950388410673, 3.757264234352841 ] } },
{ "type": "Feature", "properties": { "im": 0.986 }, "geometry": { "type": "Point", "coordinates": [ 34.723094109410589, 3.757264112352824 ] } },
{ "type": "Feature", "properties": { "im": 0.997 }, "geometry": { "type": "Point", "coordinates": [ 34.720614902410738, 3.757248145352913 ] } },
{ "type": "Feature", "properties": { "im": 0.997 }, "geometry": { "type": "Point", "coordinates": [ 34.723273746410619, 3.757245877352796 ] } },
{ "type": "Feature", "properties": { "im": 0.89 }, "geometry": { "type": "Point", "coordinates": [ 34.727567429410691, 3.757242222352796 ] } },
{ "type": "Feature", "properties": { "im": 0.78 }, "geometry": { "type": "Point", "coordinates": [ 34.727854873410671, 3.757241977352773 ] } },
{ "type": "Feature", "properties": { "im": 0.859 }, "geometry": { "type": "Point", "coordinates": [ 34.720794538410665, 3.757229910352829 ] } },
{ "type": "Feature", "properties": { "im": 0.99 }, "geometry": { "type": "Point", "coordinates": [ 34.721638900410731, 3.75722918935278 ] } },
{ "type": "Feature", "properties": { "im": 0.938 }, "geometry": { "type": "Point", "coordinates": [ 34.727423692410603, 3.757224262352817 ] } },
{ "type": "Feature", "properties": { "im": 0.967 }, "geometry": { "type": "Point", "coordinates": [ 34.728124336410666, 3.757223666352866 ] } },
{ "type": "Feature", "properties": { "im": 0.982 }, "geometry": { "type": "Point", "coordinates": [ 34.720327429410666, 3.757212227352762 ] } },
{ "type": "Feature", "properties": { "im": 0.827 }, "geometry": { "type": "Point", "coordinates": [ 34.720525046410579, 3.757212058352787 ] } },
{ "type": "Feature", "properties": { "im": 0.996 }, "geometry": { "type": "Point", "coordinates": [ 34.720902314410715, 3.757211736352839 ] } },
{ "type": "Feature", "properties": { "im": 1.0 }, "geometry": { "type": "Point", "coordinates": [ 34.721513129410731, 3.757211215352778 ] } },
{ "type": "Feature", "properties": { "im": 0.989 }, "geometry": { "type": "Point", "coordinates": [ 34.722321561410602, 3.757210526352845 ] } },
{ "type": "Feature", "properties": { "im": 0.996 }, "geometry": { "type": "Point", "coordinates": [ 34.722698830410671, 3.757210204352783 ] } },
{ "type": "Feature", "properties": { "im": 0.987 }, "geometry": { "type": "Point", "coordinates": [ 34.727082338410604, 3.757206471352926 ] } },
{ "type": "Feature", "properties": { "im": 0.98 }, "geometry": { "type": "Point", "coordinates": [ 34.727297920410727, 3.757206287352825 ] } },
{ "type": "Feature", "properties": { "im": 0.994 }, "geometry": { "type": "Point", "coordinates": [ 34.727657225410688, 3.757205982352811 ] } },
{ "type": "Feature", "properties": { "im": 0.899 }, "geometry": { "type": "Point", "coordinates": [ 34.730423873410608, 3.757203630352786 ] } },
{ "type": "Feature", "properties": { "im": 0.94 }, "geometry": { "type": "Point", "coordinates": [ 34.730567595410626, 3.757203508352769 ] } },
{ "type": "Feature", "properties": { "im": 0.951 }, "geometry": { "type": "Point", "coordinates": [ 34.721728695410626, 3.757192950352783 ] } },
{ "type": "Feature", "properties": { "im": 0.913 }, "geometry": { "type": "Point", "coordinates": [ 34.72205206841064, 3.757192674352861 ] } },
{ "type": "Feature", "properties": { "im": 0.987 }, "geometry": { "type": "Point", "coordinates": [ 34.7225371284106, 3.757192260352805 ] } },
{ "type": "Feature", "properties": { "im": 0.979 }, "geometry": { "type": "Point", "coordinates": [ 34.730675371410619, 3.757185335352768 ] } },
{ "type": "Feature", "properties": { "im": 0.999 }, "geometry": { "type": "Point", "coordinates": [ 34.721890367410673, 3.757174730352768 ] } },
{ "type": "Feature", "properties": { "im": 0.999 }, "geometry": { "type": "Point", "coordinates": [ 34.723165894410577, 3.757173643352782 ] } },
{ "type": "Feature", "properties": { "im": 0.979 }, "geometry": { "type": "Point", "coordinates": [ 34.727782951410596, 3.757169711352812 ] } },
{ "type": "Feature", "properties": { "im": 0.974 }, "geometry": { "type": "Point", "coordinates": [ 34.729148309410583, 3.7571685513528 ] } },
{ "type": "Feature", "properties": { "im": 0.188 }, "geometry": { "type": "Point", "coordinates": [ 34.721333432410653, 3.757157124352854 ] } },
{ "type": "Feature", "properties": { "im": 0.98 }, "geometry": { "type": "Point", "coordinates": [ 34.722159829410735, 3.757156419352806 ] } },
{ "type": "Feature", "properties": { "im": 0.954 }, "geometry": { "type": "Point", "coordinates": [ 34.722968262410596, 3.757155729352827 ] } },
{ "type": "Feature", "properties": { "im": 0.979 }, "geometry": { "type": "Point", "coordinates": [ 34.726956536410704, 3.757152333352817 ] } },
{ "type": "Feature", "properties": { "im": 0.984 }, "geometry": { "type": "Point", "coordinates": [ 34.727944623410643, 3.757151492352842 ] } },
{ "type": "Feature", "properties": { "im": 0.963 }, "geometry": { "type": "Point", "coordinates": [ 34.720219577410624, 3.757139992352757 ] } },
{ "type": "Feature", "properties": { "im": 0.981 }, "geometry": { "type": "Point", "coordinates": [ 34.720650741410587, 3.757139624352841 ] } },
{ "type": "Feature", "properties": { "im": 0.996 }, "geometry": { "type": "Point", "coordinates": [ 34.722447256410611, 3.757138092352785 ] } },
{ "type": "Feature", "properties": { "im": 0.999 }, "geometry": { "type": "Point", "coordinates": [ 34.722860455410647, 3.757137740352927 ] } },
{ "type": "Feature", "properties": { "im": 0.949 }, "geometry": { "type": "Point", "coordinates": [ 34.727369721410717, 3.757133900352779 ] } },
{ "type": "Feature", "properties": { "im": 0.985 }, "geometry": { "type": "Point", "coordinates": [ 34.720489039410687, 3.757121681352853 ] } },
{ "type": "Feature", "properties": { "im": 0.916 }, "geometry": { "type": "Point", "coordinates": [ 34.720830377410685, 3.757121390352803 ] } },
{ "type": "Feature", "properties": { "im": 0.986 }, "geometry": { "type": "Point", "coordinates": [ 34.721423227410718, 3.757120884352867 ] } },
{ "type": "Feature", "properties": { "im": 0.835 }, "geometry": { "type": "Point", "coordinates": [ 34.72273468441059, 3.757119765352765 ] } },
{ "type": "Feature", "properties": { "im": 0.946 }, "geometry": { "type": "Point", "coordinates": [ 34.723076022410588, 3.757119474352772 ] } },
{ "type": "Feature", "properties": { "im": 0.999 }, "geometry": { "type": "Point", "coordinates": [ 34.726848714410686, 3.757116261352758 ] } },
{ "type": "Feature", "properties": { "im": 0.99 }, "geometry": { "type": "Point", "coordinates": [ 34.730765137410593, 3.757112932352835 ] } },
{ "type": "Feature", "properties": { "im": 0.98 }, "geometry": { "type": "Point", "coordinates": [ 34.720309372410689, 3.757103753352761 ] } },
{ "type": "Feature", "properties": { "im": 0.999 }, "geometry": { "type": "Point", "coordinates": [ 34.721225595410736, 3.757102971352789 ] } },
{ "type": "Feature", "properties": { "im": 0.995 }, "geometry": { "type": "Point", "coordinates": [ 34.721674724410683, 3.75710258835286 ] } },
{ "type": "Feature", "properties": { "im": 0.987 }, "geometry": { "type": "Point", "coordinates": [ 34.722249609410731, 3.757102097352823 ] } },
{ "type": "Feature", "properties": { "im": 0.949 }, "geometry": { "type": "Point", "coordinates": [ 34.722572982410576, 3.757101822352776 ] } },
{ "type": "Feature", "properties": { "im": 0.984 }, "geometry": { "type": "Point", "coordinates": [ 34.727549342410519, 3.757097583352812 ] } },
{ "type": "Feature", "properties": { "im": 0.802 }, "geometry": { "type": "Point", "coordinates": [ 34.727693064410708, 3.757097461352795 ] } },
{ "type": "Feature", "properties": { "im": 0.98 }, "geometry": { "type": "Point", "coordinates": [ 34.730441747410701, 3.757095125352772 ] } },
{ "type": "Feature", "properties": { "im": 0.996 }, "geometry": { "type": "Point", "coordinates": [ 34.730908844410713, 3.757094728352764 ] } },
{ "type": "Feature", "properties": { "im": 0.714 }, "geometry": { "type": "Point", "coordinates": [ 34.720956102410717, 3.757085119352861 ] } },
{ "type": "Feature", "properties": { "im": 0.706 }, "geometry": { "type": "Point", "coordinates": [ 34.722357385410547, 3.757083924352822 ] } },
{ "type": "Feature", "properties": { "im": 0.983 }, "geometry": { "type": "Point", "coordinates": [ 34.727082231410712, 3.75707989935287 ] } },
{ "type": "Feature", "properties": { "im": 0.935 }, "geometry": { "type": "Point", "coordinates": [ 34.72720798841052, 3.757079792352864 ] } },
{ "type": "Feature", "properties": { "im": 0.948 }, "geometry": { "type": "Point", "coordinates": [ 34.727872701410739, 3.757079227352814 ] } },
{ "type": "Feature", "properties": { "im": 0.959 }, "geometry": { "type": "Point", "coordinates": [ 34.72039916841063, 3.757067513352889 ] } },
{ "type": "Feature", "properties": { "im": 0.935 }, "geometry": { "type": "Point", "coordinates": [ 34.720578819410683, 3.757067359352813 ] } },
{ "type": "Feature", "properties": { "im": 0.975 }, "geometry": { "type": "Point", "coordinates": [ 34.721548937410624, 3.757066532352805 ] } },
{ "type": "Feature", "properties": { "im": 0.974 }, "geometry": { "type": "Point", "coordinates": [ 34.722016032410657, 3.75706613335276 ] } },
{ "type": "Feature", "properties": { "im": 0.994 }, "geometry": { "type": "Point", "coordinates": [ 34.727998443410648, 3.757061038352811 ] } },
{ "type": "Feature", "properties": { "im": 1.0 }, "geometry": { "type": "Point", "coordinates": [ 34.729238045410533, 3.757059984352817 ] } },
{ "type": "Feature", "properties": { "im": 0.932 }, "geometry": { "type": "Point", "coordinates": [ 34.73035189041061, 3.757059038352816 ] } },
{ "type": "Feature", "properties": { "im": 0.979 }, "geometry": { "type": "Point", "coordinates": [ 34.730621369410606, 3.757058809352794 ] } },
{ "type": "Feature", "properties": { "im": 0.99 }, "geometry": { "type": "Point", "coordinates": [ 34.721818400410676, 3.757048220352796 ] } },
{ "type": "Feature", "properties": { "im": 0.823 }, "geometry": { "type": "Point", "coordinates": [ 34.722483111410689, 3.757047653352767 ] } },
{ "type": "Feature", "properties": { "im": 0.998 }, "geometry": { "type": "Point", "coordinates": [ 34.722968170410546, 3.757047240352814 ] } },
{ "type": "Feature", "properties": { "im": 0.972 }, "geometry": { "type": "Point", "coordinates": [ 34.726920514410573, 3.757043873352781 ] } },
{ "type": "Feature", "properties": { "im": 0.994 }, "geometry": { "type": "Point", "coordinates": [ 34.729130238410583, 3.757041994352757 ] } },
{ "type": "Feature", "properties": { "im": 0.971 }, "geometry": { "type": "Point", "coordinates": [ 34.720758440410712, 3.757031043352892 ] } },
{ "type": "Feature", "properties": { "im": 0.979 }, "geometry": { "type": "Point", "coordinates": [ 34.72086623141066, 3.757030951352784 ] } },
{ "type": "Feature", "properties": { "im": 0.955 }, "geometry": { "type": "Point", "coordinates": [ 34.721369255410728, 3.757030522352773 ] } },
{ "type": "Feature", "properties": { "im": 0.239 }, "geometry": { "type": "Point", "coordinates": [ 34.722105827410722, 3.757029893352775 ] } },
{ "type": "Feature", "properties": { "im": 0.097 }, "geometry": { "type": "Point", "coordinates": [ 34.723111876410734, 3.7570290363528 ] } },
{ "type": "Feature", "properties": { "im": 0.998 }, "geometry": { "type": "Point", "coordinates": [ 34.727351664410683, 3.757025425352789 ] } },
{ "type": "Feature", "properties": { "im": 0.652 }, "geometry": { "type": "Point", "coordinates": [ 34.727477421410718, 3.757025318352783 ] } },
{ "type": "Feature", "properties": { "im": 0.999 }, "geometry": { "type": "Point", "coordinates": [ 34.721926160410668, 3.757011965352912 ] } },
{ "type": "Feature", "properties": { "im": 0.998 }, "geometry": { "type": "Point", "coordinates": [ 34.722806453410577, 3.757011214352783 ] } },
{ "type": "Feature", "properties": { "im": 0.987 }, "geometry": { "type": "Point", "coordinates": [ 34.726740831410687, 3.757007863352864 ] } },
{ "type": "Feature", "properties": { "im": 0.989 }, "geometry": { "type": "Point", "coordinates": [ 34.729327825410699, 3.757005663352766 ] } },
{ "type": "Feature", "properties": { "im": 0.998 }, "geometry": { "type": "Point", "coordinates": [ 34.730262019410723, 3.757004869352865 ] } },
{ "type": "Feature", "properties": { "im": 0.995 }, "geometry": { "type": "Point", "coordinates": [ 34.730836907410684, 3.757004380352806 ] } },
{ "type": "Feature", "properties": { "im": 0.931 }, "geometry": { "type": "Point", "coordinates": [ 34.720668584410724, 3.756994956352766 ] } },
{ "type": "Feature", "properties": { "im": 0.871 }, "geometry": { "type": "Point", "coordinates": [ 34.721692598410719, 3.756994083352789 ] } },
{ "type": "Feature", "properties": { "im": 0.999 }, "geometry": { "type": "Point", "coordinates": [ 34.727154016410701, 3.756989430352828 ] } },
{ "type": "Feature", "properties": { "im": 0.981 }, "geometry": { "type": "Point", "coordinates": [ 34.72765704341068, 3.756989002352805 ] } },
{ "type": "Feature", "properties": { "im": 0.983 }, "geometry": { "type": "Point", "coordinates": [ 34.727782799410612, 3.756988895352801 ] } },
{ "type": "Feature", "properties": { "im": 0.932 }, "geometry": { "type": "Point", "coordinates": [ 34.727926521410573, 3.756988772352794 ] } },
{ "type": "Feature", "properties": { "im": 0.992 }, "geometry": { "type": "Point", "coordinates": [ 34.730513517410735, 3.756986573352857 ] } },
{ "type": "Feature", "properties": { "im": 0.945 }, "geometry": { "type": "Point", "coordinates": [ 34.730693170410596, 3.756986421352759 ] } },
{ "type": "Feature", "properties": { "im": 0.939 }, "geometry": { "type": "Point", "coordinates": [ 34.721225488410617, 3.756976400352836 ] } },
{ "type": "Feature", "properties": { "im": 0.963 }, "geometry": { "type": "Point", "coordinates": [ 34.722195607410661, 3.756975572352839 ] } },
{ "type": "Feature", "properties": { "im": 0.977 }, "geometry": { "type": "Point", "coordinates": [ 34.722339328410577, 3.756975449352832 ] } },
{ "type": "Feature", "properties": { "im": 0.865 }, "geometry": { "type": "Point", "coordinates": [ 34.722590841410714, 3.756975235352821 ] } },
{ "type": "Feature", "properties": { "im": 0.938 }, "geometry": { "type": "Point", "coordinates": [ 34.726830627410685, 3.756971623352764 ] } },
{ "type": "Feature", "properties": { "im": 0.96 }, "geometry": { "type": "Point", "coordinates": [ 34.729058316410679, 3.756969728352796 ] } },
{ "type": "Feature", "properties": { "im": 0.836 }, "geometry": { "type": "Point", "coordinates": [ 34.729525413410691, 3.756969331352844 ] } },
{ "type": "Feature", "properties": { "im": 0.973 }, "geometry": { "type": "Point", "coordinates": [ 34.730387745410631, 3.756968598352809 ] } },
{ "type": "Feature", "properties": { "im": 0.999 }, "geometry": { "type": "Point", "coordinates": [ 34.730998564410662, 3.756968080352829 ] } },
{ "type": "Feature", "properties": { "im": 0.993 }, "geometry": { "type": "Point", "coordinates": [ 34.731106356410713, 3.756967988352836 ] } },
{ "type": "Feature", "properties": { "im": 0.96 }, "geometry": { "type": "Point", "coordinates": [ 34.721099717410617, 3.756958425352845 ] } },
{ "type": "Feature", "properties": { "im": 0.999 }, "geometry": { "type": "Point", "coordinates": [ 34.721459020410599, 3.756958119352897 ] } },
{ "type": "Feature", "properties": { "im": 0.909 }, "geometry": { "type": "Point", "coordinates": [ 34.722447104410627, 3.756957276352831 ] } },
{ "type": "Feature", "properties": { "im": 0.992 }, "geometry": { "type": "Point", "coordinates": [ 34.72271658241052, 3.756957046352819 ] } },
{ "type": "Feature", "properties": { "im": 0.998 }, "geometry": { "type": "Point", "coordinates": [ 34.729417606410742, 3.756951341352784 ] } },
{ "type": "Feature", "properties": { "im": 0.981 }, "geometry": { "type": "Point", "coordinates": [ 34.721333249410549, 3.756940144352849 ] } },
{ "type": "Feature", "properties": { "im": 0.926 }, "geometry": { "type": "Point", "coordinates": [ 34.721836273410609, 3.756939715352781 ] } },
{ "type": "Feature", "properties": { "im": 0.979 }, "geometry": { "type": "Point", "coordinates": [ 34.723004009410623, 3.756938719352799 ] } },
{ "type": "Feature", "properties": { "im": 0.992 }, "geometry": { "type": "Point", "coordinates": [ 34.72729769341057, 3.756935062352762 ] } },
{ "type": "Feature", "properties": { "im": 1.0 }, "geometry": { "type": "Point", "coordinates": [ 34.727405484410518, 3.756934971352758 ] } },
{ "type": "Feature", "properties": { "im": 0.997 }, "geometry": { "type": "Point", "coordinates": [ 34.721584746410677, 3.756921848352841 ] } },
{ "type": "Feature", "properties": { "im": 0.993 }, "geometry": { "type": "Point", "coordinates": [ 34.727513260410738, 3.756916797352768 ] } },
{ "type": "Feature", "properties": { "im": 0.863 }, "geometry": { "type": "Point", "coordinates": [ 34.72074036841061, 3.756904487352836 ] } },
{ "type": "Feature", "properties": { "im": 0.99 }, "geometry": { "type": "Point", "coordinates": [ 34.722069790410693, 3.756903353352892 ] } },
{ "type": "Feature", "properties": { "im": 0.985 }, "geometry": { "type": "Point", "coordinates": [ 34.727028184410607, 3.756899128352837 ] } },
{ "type": "Feature", "properties": { "im": 0.99 }, "geometry": { "type": "Point", "coordinates": [ 34.727836619410617, 3.756898440352781 ] } },
{ "type": "Feature", "properties": { "im": 0.994 }, "geometry": { "type": "Point", "coordinates": [ 34.729219943410634, 3.756897264352768 ] } },
{ "type": "Feature", "properties": { "im": 0.997 }, "geometry": { "type": "Point", "coordinates": [ 34.730746990410601, 3.756895966352796 ] } },
{ "type": "Feature", "properties": { "im": 0.853 }, "geometry": { "type": "Point", "coordinates": [ 34.73119612241063, 3.756895585352789 ] } },
{ "type": "Feature", "properties": { "im": 0.857 }, "geometry": { "type": "Point", "coordinates": [ 34.722285357410634, 3.756885087352794 ] } },
{ "type": "Feature", "properties": { "im": 0.994 }, "geometry": { "type": "Point", "coordinates": [ 34.722554834410651, 3.756884857352782 ] } },
{ "type": "Feature", "properties": { "im": 0.998 }, "geometry": { "type": "Point", "coordinates": [ 34.722896173410582, 3.756884566352848 ] } },
{ "type": "Feature", "properties": { "im": 0.98 }, "geometry": { "type": "Point", "coordinates": [ 34.72688444741069, 3.756881169352847 ] } },
{ "type": "Feature", "properties": { "im": 0.992 }, "geometry": { "type": "Point", "coordinates": [ 34.7276928824107, 3.75688048135279 ] } },
{ "type": "Feature", "properties": { "im": 0.654 }, "geometry": { "type": "Point", "coordinates": [ 34.72902231041072, 3.756879350352757 ] } },
{ "type": "Feature", "properties": { "im": 0.895 }, "geometry": { "type": "Point", "coordinates": [ 34.730261912410604, 3.756878297352865 ] } },
{ "type": "Feature", "properties": { "im": 0.945 }, "geometry": { "type": "Point", "coordinates": [ 34.730441565410636, 3.756878144352778 ] } },
{ "type": "Feature", "properties": { "im": 0.987 }, "geometry": { "type": "Point", "coordinates": [ 34.721494874410688, 3.756867680352765 ] } },
{ "type": "Feature", "properties": { "im": 0.998 }, "geometry": { "type": "Point", "coordinates": [ 34.721961969410721, 3.756867282352768 ] } },
{ "type": "Feature", "properties": { "im": 0.156 }, "geometry": { "type": "Point", "coordinates": [ 34.722411098410667, 3.756866898352793 ] } },
{ "type": "Feature", "properties": { "im": 0.959 }, "geometry": { "type": "Point", "coordinates": [ 34.727117980410718, 3.756862889352842 ] } },
{ "type": "Feature", "properties": { "im": 0.254 }, "geometry": { "type": "Point", "coordinates": [ 34.729130086410599, 3.75686117735287 ] } },
{ "type": "Feature", "properties": { "im": 0.962 }, "geometry": { "type": "Point", "coordinates": [ 34.729363634410582, 3.756860979352861 ] } },
{ "type": "Feature", "properties": { "im": 0.647 }, "geometry": { "type": "Point", "coordinates": [ 34.729471426410576, 3.756860887352867 ] } },
{ "type": "Feature", "properties": { "im": 0.983 }, "geometry": { "type": "Point", "coordinates": [ 34.730639168410583, 3.756859895352785 ] } },
{ "type": "Feature", "properties": { "im": 0.985 }, "geometry": { "type": "Point", "coordinates": [ 34.730890682410596, 3.756859681352831 ] } },
{ "type": "Feature", "properties": { "im": 0.997 }, "geometry": { "type": "Point", "coordinates": [ 34.721135556410637, 3.756849905352762 ] } },
{ "type": "Feature", "properties": { "im": 0.999 }, "geometry": { "type": "Point", "coordinates": [ 34.721387068410671, 3.756849690352818 ] } },
{ "type": "Feature", "properties": { "im": 0.992 }, "geometry": { "type": "Point", "coordinates": [ 34.722644630410649, 3.756848618352786 ] } },
{ "type": "Feature", "properties": { "im": 0.973 }, "geometry": { "type": "Point", "coordinates": [ 34.728896523410718, 3.756843294352815 ] } },
{ "type": "Feature", "properties": { "im": 0.84 }, "geometry": { "type": "Point", "coordinates": [ 34.730531361410634, 3.756841904352792 ] } },
{ "type": "Feature", "properties": { "im": 0.964 }, "geometry": { "type": "Point", "coordinates": [ 34.731285902410626, 3.756841263352806 ] } },
{ "type": "Feature", "properties": { "im": 0.954 }, "geometry": { "type": "Point", "coordinates": [ 34.721243332410687, 3.756831731352828 ] } },
{ "type": "Feature", "properties": { "im": 0.985 }, "geometry": { "type": "Point", "coordinates": [ 34.721674495410717, 3.756831364352787 ] } },
{ "type": "Feature", "properties": { "im": 0.975 }, "geometry": { "type": "Point", "coordinates": [ 34.721854147410703, 3.756831210352767 ] } },
{ "type": "Feature", "properties": { "im": 0.919 }, "geometry": { "type": "Point", "coordinates": [ 34.727279636410593, 3.756826588352761 ] } },
{ "type": "Feature", "properties": { "im": 0.991 }, "geometry": { "type": "Point", "coordinates": [ 34.731088269410712, 3.756823350352784 ] } },
{ "type": "Feature", "properties": { "im": 0.979 }, "geometry": { "type": "Point", "coordinates": [ 34.731393679410552, 3.756823090352806 ] } },
{ "type": "Feature", "properties": { "im": 0.689 }, "geometry": { "type": "Point", "coordinates": [ 34.727782647410741, 3.756808078352913 ] } },
{ "type": "Feature", "properties": { "im": 0.983 }, "geometry": { "type": "Point", "coordinates": [ 34.720991789410583, 3.756795783352767 ] } },
{ "type": "Feature", "properties": { "im": 0.431 }, "geometry": { "type": "Point", "coordinates": [ 34.721764291410715, 3.756795124352801 ] } },
{ "type": "Feature", "properties": { "im": 0.966 }, "geometry": { "type": "Point", "coordinates": [ 34.722069699410575, 3.756794863352889 ] } },
{ "type": "Feature", "properties": { "im": 0.918 }, "geometry": { "type": "Point", "coordinates": [ 34.722177490410694, 3.756794771352783 ] } },
{ "type": "Feature", "properties": { "im": 0.989 }, "geometry": { "type": "Point", "coordinates": [ 34.722339176410593, 3.756794633352764 ] } },
{ "type": "Feature", "properties": { "im": 0.955 }, "geometry": { "type": "Point", "coordinates": [ 34.722770340410726, 3.756794266352836 ] } },
{ "type": "Feature", "properties": { "im": 0.447 }, "geometry": { "type": "Point", "coordinates": [ 34.72736943241059, 3.756790348352776 ] } },
{ "type": "Feature", "properties": { "im": 0.933 }, "geometry": { "type": "Point", "coordinates": [ 34.729058164410695, 3.756788911352852 ] } },
{ "type": "Feature", "properties": { "im": 0.999 }, "geometry": { "type": "Point", "coordinates": [ 34.730207941410718, 3.756787934352781 ] } },
{ "type": "Feature", "properties": { "im": 0.993 }, "geometry": { "type": "Point", "coordinates": [ 34.730315732410666, 3.756787842352845 ] } },
{ "type": "Feature", "properties": { "im": 0.995 }, "geometry": { "type": "Point", "coordinates": [ 34.72158462441066, 3.756777195352778 ] } },
{ "type": "Feature", "properties": { "im": 0.981 }, "geometry": { "type": "Point", "coordinates": [ 34.727189765410706, 3.756772419352809 ] } },
{ "type": "Feature", "properties": { "im": 0.692 }, "geometry": { "type": "Point", "coordinates": [ 34.727692791410583, 3.756771991352788 ] } },
{ "type": "Feature", "properties": { "im": 0.993 }, "geometry": { "type": "Point", "coordinates": [ 34.727872443410739, 3.756771838352758 ] } },
{ "type": "Feature", "properties": { "im": 0.729 }, "geometry": { "type": "Point", "coordinates": [ 34.729201871410588, 3.756770708352771 ] } },
{ "type": "Feature", "properties": { "im": 0.995 }, "geometry": { "type": "Point", "coordinates": [ 34.730836710410607, 3.756769318352804 ] } },
{ "type": "Feature", "properties": { "im": 0.964 }, "geometry": { "type": "Point", "coordinates": [ 34.721081584410591, 3.756759543352894 ] } },
{ "type": "Feature", "properties": { "im": 0.98 }, "geometry": { "type": "Point", "coordinates": [ 34.72192594741059, 3.756758823352835 ] } },
{ "type": "Feature", "properties": { "im": 0.998 }, "geometry": { "type": "Point", "coordinates": [ 34.722428972410704, 3.756758393352893 ] } },
{ "type": "Feature", "properties": { "im": 0.976 }, "geometry": { "type": "Point", "coordinates": [ 34.727459228410531, 3.756754108352789 ] } },
{ "type": "Feature", "properties": { "im": 0.994 }, "geometry": { "type": "Point", "coordinates": [ 34.727584984410633, 3.756754001352784 ] } },
{ "type": "Feature", "properties": { "im": 0.962 }, "geometry": { "type": "Point", "coordinates": [ 34.730477389410588, 3.756751542352868 ] } },
{ "type": "Feature", "properties": { "im": 0.75 }, "geometry": { "type": "Point", "coordinates": [ 34.731501410410679, 3.756750672352803 ] } },
{ "type": "Feature", "properties": { "im": 0.979 }, "geometry": { "type": "Point", "coordinates": [ 34.721189360410641, 3.756741369352905 ] } },
{ "type": "Feature", "properties": { "im": 0.981 }, "geometry": { "type": "Point", "coordinates": [ 34.722860120410665, 3.756739944352797 ] } },
{ "type": "Feature", "properties": { "im": 0.993 }, "geometry": { "type": "Point", "coordinates": [ 34.729291667410529, 3.756734468352784 ] } },
{ "type": "Feature", "properties": { "im": 0.991 }, "geometry": { "type": "Point", "coordinates": [ 34.730657027410722, 3.756733307352785 ] } },
{ "type": "Feature", "properties": { "im": 0.959 }, "geometry": { "type": "Point", "coordinates": [ 34.730926506410718, 3.756733078352762 ] } },
{ "type": "Feature", "properties": { "im": 0.972 }, "geometry": { "type": "Point", "coordinates": [ 34.731160055410577, 3.75673288035281 ] } },
{ "type": "Feature", "properties": { "im": 0.977 }, "geometry": { "type": "Point", "coordinates": [ 34.722554697410736, 3.756722123352826 ] } },
{ "type": "Feature", "properties": { "im": 0.998 }, "geometry": { "type": "Point", "coordinates": [ 34.728932347410669, 3.756716692352906 ] } },
{ "type": "Feature", "properties": { "im": 1.0 }, "geometry": { "type": "Point", "coordinates": [ 34.721818110410616, 3.756704670352884 ] } },
{ "type": "Feature", "properties": { "im": 0.985 }, "geometry": { "type": "Point", "coordinates": [ 34.72228520541065, 3.756704271352783 ] } },
{ "type": "Feature", "properties": { "im": 0.968 }, "geometry": { "type": "Point", "coordinates": [ 34.727279530410577, 3.756700016352762 ] } },
{ "type": "Feature", "properties": { "im": 0.964 }, "geometry": { "type": "Point", "coordinates": [ 34.727764591410697, 3.75669960335281 ] } },
{ "type": "Feature", "properties": { "im": 0.987 }, "geometry": { "type": "Point", "coordinates": [ 34.72912995041056, 3.75669844235281 ] } },
{ "type": "Feature", "properties": { "im": 0.999 }, "geometry": { "type": "Point", "coordinates": [ 34.730100073410675, 3.756697617352837 ] } },
{ "type": "Feature", "properties": { "im": 0.985 }, "geometry": { "type": "Point", "coordinates": [ 34.730746823410719, 3.756697068352788 ] } },
{ "type": "Feature", "properties": { "im": 0.992 }, "geometry": { "type": "Point", "coordinates": [ 34.721315070410547, 3.756687017352784 ] } },
{ "type": "Feature", "properties": { "im": 0.995 }, "geometry": { "type": "Point", "coordinates": [ 34.721458792410736, 3.756686895352767 ] } },
{ "type": "Feature", "properties": { "im": 0.997 }, "geometry": { "type": "Point", "coordinates": [ 34.721656408410546, 3.756686726352849 ] } },
{ "type": "Feature", "properties": { "im": 0.995 }, "geometry": { "type": "Point", "coordinates": [ 34.722159433410717, 3.756686297352782 ] } },
{ "type": "Feature", "properties": { "im": 0.995 }, "geometry": { "type": "Point", "coordinates": [ 34.730225815410584, 3.756679429352768 ] } },
{ "type": "Feature", "properties": { "im": 1.0 }, "geometry": { "type": "Point", "coordinates": [ 34.730567155410732, 3.756679138352832 ] } },
{ "type": "Feature", "properties": { "im": 0.998 }, "geometry": { "type": "Point", "coordinates": [ 34.73130373141057, 3.756678513352791 ] } },
{ "type": "Feature", "properties": { "im": 0.999 }, "geometry": { "type": "Point", "coordinates": [ 34.731429488410605, 3.756678406352842 ] } },
{ "type": "Feature", "properties": { "im": 0.99 }, "geometry": { "type": "Point", "coordinates": [ 34.722698373410729, 3.756667756352864 ] } },
{ "type": "Feature", "properties": { "im": 0.922 }, "geometry": { "type": "Point", "coordinates": [ 34.727171708410729, 3.756663944352819 ] } },
{ "type": "Feature", "properties": { "im": 0.907 }, "geometry": { "type": "Point", "coordinates": [ 34.727423221410696, 3.756663730352808 ] } },
{ "type": "Feature", "properties": { "im": 0.938 }, "geometry": { "type": "Point", "coordinates": [ 34.729022128410712, 3.756662370352866 ] } },
{ "type": "Feature", "properties": { "im": 0.916 }, "geometry": { "type": "Point", "coordinates": [ 34.730351557410664, 3.756661240352765 ] } },
{ "type": "Feature", "properties": { "im": 0.975 }, "geometry": { "type": "Point", "coordinates": [ 34.731052202410659, 3.756660645352805 ] } },
{ "type": "Feature", "properties": { "im": 0.924 }, "geometry": { "type": "Point", "coordinates": [ 34.73153726541053, 3.756660233352785 ] } },
{ "type": "Feature", "properties": { "im": 0.988 }, "geometry": { "type": "Point", "coordinates": [ 34.721135388410652, 3.756651007352811 ] } },
{ "type": "Feature", "properties": { "im": 0.986 }, "geometry": { "type": "Point", "coordinates": [ 34.721925855410596, 3.756650333352833 ] } },
{ "type": "Feature", "properties": { "im": 0.968 }, "geometry": { "type": "Point", "coordinates": [ 34.722033646410715, 3.75665024135284 ] } },
{ "type": "Feature", "properties": { "im": 0.795 }, "geometry": { "type": "Point", "coordinates": [ 34.727584893410572, 3.756645511352782 ] } },
{ "type": "Feature", "properties": { "im": 0.981 }, "geometry": { "type": "Point", "coordinates": [ 34.731195909410722, 3.756642441352791 ] } },
{ "type": "Feature", "properties": { "im": 0.995 }, "geometry": { "type": "Point", "coordinates": [ 34.722464795410545, 3.756631791352812 ] } },
{ "type": "Feature", "properties": { "im": 0.989 }, "geometry": { "type": "Point", "coordinates": [ 34.730674901410588, 3.75662480235277 ] } },
{ "type": "Feature", "properties": { "im": 0.915 }, "geometry": { "type": "Point", "coordinates": [ 34.72260850141074, 3.756613587352798 ] } },
{ "type": "Feature", "properties": { "im": 0.932 }, "geometry": { "type": "Point", "coordinates": [ 34.727674689410684, 3.756609271352796 ] } },
{ "type": "Feature", "properties": { "im": 0.957 }, "geometry": { "type": "Point", "coordinates": [ 34.729183769410689, 3.756607988352779 ] } },
{ "type": "Feature", "properties": { "im": 0.986 }, "geometry": { "type": "Point", "coordinates": [ 34.730926400410702, 3.756606506352763 ] } },
{ "type": "Feature", "properties": { "im": 0.849 }, "geometry": { "type": "Point", "coordinates": [ 34.721225168410591, 3.75659668635276 ] } },
{ "type": "Feature", "properties": { "im": 0.985 }, "geometry": { "type": "Point", "coordinates": [ 34.721548541410606, 3.756596410352837 ] } },
{ "type": "Feature", "properties": { "im": 0.981 }, "geometry": { "type": "Point", "coordinates": [ 34.722339009410653, 3.756595736352859 ] } },
{ "type": "Feature", "properties": { "im": 0.856 }, "geometry": { "type": "Point", "coordinates": [ 34.722842034410597, 3.756595306352803 ] } },
{ "type": "Feature", "properties": { "im": 0.999 }, "geometry": { "type": "Point", "coordinates": [ 34.727333334410638, 3.756591480352848 ] } },
{ "type": "Feature", "properties": { "im": 0.953 }, "geometry": { "type": "Point", "coordinates": [ 34.727800430410717, 3.75659108335284 ] } },
{ "type": "Feature", "properties": { "im": 0.972 }, "geometry": { "type": "Point", "coordinates": [ 34.730459288410621, 3.75658882235282 ] } },
{ "type": "Feature", "properties": { "im": 0.953 }, "geometry": { "type": "Point", "coordinates": [ 34.721368875410654, 3.756578482352861 ] } },
{ "type": "Feature", "properties": { "im": 0.889 }, "geometry": { "type": "Point", "coordinates": [ 34.727512972410715, 3.756573245352764 ] } },
{ "type": "Feature", "properties": { "im": 0.975 }, "geometry": { "type": "Point", "coordinates": [ 34.730099967410659, 3.756571045352781 ] } },
{ "type": "Feature", "properties": { "im": 0.972 }, "geometry": { "type": "Point", "coordinates": [ 34.730764682410687, 3.756570480352788 ] } },
{ "type": "Feature", "properties": { "im": 0.953 }, "geometry": { "type": "Point", "coordinates": [ 34.731285675410696, 3.756570038352858 ] } },
{ "type": "Feature", "properties": { "im": 0.712 }, "geometry": { "type": "Point", "coordinates": [ 34.730207744410585, 3.75655287235278 ] } },
{ "type": "Feature", "properties": { "im": 1.0 }, "geometry": { "type": "Point", "coordinates": [ 34.730333500410687, 3.756552765352775 ] } },
{ "type": "Feature", "properties": { "im": 0.921 }, "geometry": { "type": "Point", "coordinates": [ 34.730567049410546, 3.756552566352833 ] } },
{ "type": "Feature", "properties": { "im": 0.958 }, "geometry": { "type": "Point", "coordinates": [ 34.731465313410659, 3.756551803352774 ] } },
{ "type": "Feature", "properties": { "im": 0.845 }, "geometry": { "type": "Point", "coordinates": [ 34.722123381410732, 3.756541675352902 ] } },
{ "type": "Feature", "properties": { "im": 0.968 }, "geometry": { "type": "Point", "coordinates": [ 34.722249137410664, 3.756541567352794 ] } },
{ "type": "Feature", "properties": { "im": 0.905 }, "geometry": { "type": "Point", "coordinates": [ 34.722752162410664, 3.756541138352783 ] } },
{ "type": "Feature", "properties": { "im": 0.829 }, "geometry": { "type": "Point", "coordinates": [ 34.731195818410605, 3.756533950352799 ] } },
{ "type": "Feature", "properties": { "im": 0.992 }, "geometry": { "type": "Point", "coordinates": [ 34.731680881410703, 3.756533538352779 ] } },
{ "type": "Feature", "properties": { "im": 0.997 }, "geometry": { "type": "Point", "coordinates": [ 34.72257249541061, 3.756523210352805 ] } },
{ "type": "Feature", "properties": { "im": 0.999 }, "geometry": { "type": "Point", "coordinates": [ 34.729992130410686, 3.75651689235283 ] } },
{ "type": "Feature", "properties": { "im": 0.982 }, "geometry": { "type": "Point", "coordinates": [ 34.731052081410574, 3.756515991352809 ] } },
{ "type": "Feature", "properties": { "im": 0.853 }, "geometry": { "type": "Point", "coordinates": [ 34.722464689410593, 3.756505220352802 ] } },
{ "type": "Feature", "properties": { "im": 0.96 }, "geometry": { "type": "Point", "coordinates": [ 34.727674598410623, 3.756500781352794 ] } },
{ "type": "Feature", "properties": { "im": 0.331 }, "geometry": { "type": "Point", "coordinates": [ 34.722662290410675, 3.75648697035282 ] } },
{ "type": "Feature", "properties": { "im": 0.812 }, "geometry": { "type": "Point", "coordinates": [ 34.730405301410677, 3.756480377352796 ] } },
{ "type": "Feature", "properties": { "im": 0.999 }, "geometry": { "type": "Point", "coordinates": [ 34.730692745410657, 3.756480133352762 ] } },
{ "type": "Feature", "properties": { "im": 0.941 }, "geometry": { "type": "Point", "coordinates": [ 34.730872398410689, 3.756479980352788 ] } },
{ "type": "Feature", "properties": { "im": 0.992 }, "geometry": { "type": "Point", "coordinates": [ 34.7315550784107, 3.756479400352897 ] } },
{ "type": "Feature", "properties": { "im": 0.979 }, "geometry": { "type": "Point", "coordinates": [ 34.731860488410547, 3.756479141352794 ] } },
{ "type": "Feature", "properties": { "im": 0.987 }, "geometry": { "type": "Point", "coordinates": [ 34.730099876410712, 3.756462555352836 ] } },
{ "type": "Feature", "properties": { "im": 0.998 }, "geometry": { "type": "Point", "coordinates": [ 34.731339480410632, 3.756461502352773 ] } },
{ "type": "Feature", "properties": { "im": 0.968 }, "geometry": { "type": "Point", "coordinates": [ 34.722374817410603, 3.756451052352782 ] } },
{ "type": "Feature", "properties": { "im": 0.99 }, "geometry": { "type": "Point", "coordinates": [ 34.730782541410655, 3.75644389335289 ] } },
{ "type": "Feature", "properties": { "im": 0.992 }, "geometry": { "type": "Point", "coordinates": [ 34.722536489410651, 3.756432832352767 ] } },
{ "type": "Feature", "properties": { "im": 0.99 }, "geometry": { "type": "Point", "coordinates": [ 34.73026153341069, 3.75642625435287 ] } },
{ "type": "Feature", "properties": { "im": 0.955 }, "geometry": { "type": "Point", "coordinates": [ 34.731177762410731, 3.756425475352808 ] } },
{ "type": "Feature", "properties": { "im": 0.99 }, "geometry": { "type": "Point", "coordinates": [ 34.731662825410659, 3.756425063352845 ] } },
{ "type": "Feature", "properties": { "im": 0.966 }, "geometry": { "type": "Point", "coordinates": [ 34.730495067410651, 3.756407974352864 ] } },
{ "type": "Feature", "properties": { "im": 0.996 }, "geometry": { "type": "Point", "coordinates": [ 34.730962164410663, 3.756407577352799 ] } },
{ "type": "Feature", "properties": { "im": 0.961 }, "geometry": { "type": "Point", "coordinates": [ 34.732004150410738, 3.756406692352836 ] } },
{ "type": "Feature", "properties": { "im": 0.947 }, "geometry": { "type": "Point", "coordinates": [ 34.731788551410737, 3.756388793352779 ] } },
{ "type": "Feature", "properties": { "im": 0.972 }, "geometry": { "type": "Point", "coordinates": [ 34.730027939410739, 3.75637220835281 ] } },
{ "type": "Feature", "properties": { "im": 0.923 }, "geometry": { "type": "Point", "coordinates": [ 34.731429230410605, 3.7563710173529 ] } },
{ "type": "Feature", "properties": { "im": 0.488 }, "geometry": { "type": "Point", "coordinates": [ 34.722446602410592, 3.756360583352854 ] } },
{ "type": "Feature", "properties": { "im": 0.992 }, "geometry": { "type": "Point", "coordinates": [ 34.730692639410641, 3.756353561352876 ] } },
{ "type": "Feature", "properties": { "im": 0.983 }, "geometry": { "type": "Point", "coordinates": [ 34.731105840410656, 3.75635321035278 ] } },
{ "type": "Feature", "properties": { "im": 0.999 }, "geometry": { "type": "Point", "coordinates": [ 34.731321424410702, 3.75635302635285 ] } },
{ "type": "Feature", "properties": { "im": 0.991 }, "geometry": { "type": "Point", "coordinates": [ 34.731590903410527, 3.756352798352817 ] } },
{ "type": "Feature", "properties": { "im": 0.995 }, "geometry": { "type": "Point", "coordinates": [ 34.73011773541068, 3.756335968352768 ] } },
{ "type": "Feature", "properties": { "im": 0.986 }, "geometry": { "type": "Point", "coordinates": [ 34.732165777410692, 3.756334227352876 ] } },
{ "type": "Feature", "properties": { "im": 0.879 }, "geometry": { "type": "Point", "coordinates": [ 34.730459060410588, 3.756317596352768 ] } },
{ "type": "Feature", "properties": { "im": 0.675 }, "geometry": { "type": "Point", "coordinates": [ 34.730782435410639, 3.756317321352834 ] } },
{ "type": "Feature", "properties": { "im": 0.996 }, "geometry": { "type": "Point", "coordinates": [ 34.730351253410639, 3.756299606352765 ] } },
{ "type": "Feature", "properties": { "im": 0.995 }, "geometry": { "type": "Point", "coordinates": [ 34.730566837410741, 3.756299423352767 ] } },
{ "type": "Feature", "properties": { "im": 0.986 }, "geometry": { "type": "Point", "coordinates": [ 34.730908177410718, 3.756299132352832 ] } },
{ "type": "Feature", "properties": { "im": 0.919 }, "geometry": { "type": "Point", "coordinates": [ 34.731231552410549, 3.756298858352773 ] } },
{ "type": "Feature", "properties": { "im": 0.986 }, "geometry": { "type": "Point", "coordinates": [ 34.731680684410627, 3.756298476352777 ] } },
{ "type": "Feature", "properties": { "im": 0.962 }, "geometry": { "type": "Point", "coordinates": [ 34.731914232410723, 3.756298278352769 ] } },
{ "type": "Feature", "properties": { "im": 0.927 }, "geometry": { "type": "Point", "coordinates": [ 34.729956002410709, 3.756281860352796 ] } },
{ "type": "Feature", "properties": { "im": 0.984 }, "geometry": { "type": "Point", "coordinates": [ 34.730225481410706, 3.756281631352773 ] } },
{ "type": "Feature", "properties": { "im": 0.947 }, "geometry": { "type": "Point", "coordinates": [ 34.73150101641064, 3.756280547352811 ] } },
{ "type": "Feature", "properties": { "im": 0.992 }, "geometry": { "type": "Point", "coordinates": [ 34.732273523410718, 3.756279891352757 ] } },
{ "type": "Feature", "properties": { "im": 0.978 }, "geometry": { "type": "Point", "coordinates": [ 34.731069819410571, 3.756244750352859 ] } },
{ "type": "Feature", "properties": { "im": 0.997 }, "geometry": { "type": "Point", "coordinates": [ 34.732039944410666, 3.756243926352762 ] } },
{ "type": "Feature", "properties": { "im": 0.999 }, "geometry": { "type": "Point", "coordinates": [ 34.730656602410612, 3.756227019352787 ] } },
{ "type": "Feature", "properties": { "im": 0.907 }, "geometry": { "type": "Point", "coordinates": [ 34.732165686410575, 3.756225737352874 ] } },
{ "type": "Feature", "properties": { "im": 0.998 }, "geometry": { "type": "Point", "coordinates": [ 34.730045768410683, 3.756209457352862 ] } },
{ "type": "Feature", "properties": { "im": 0.996 }, "geometry": { "type": "Point", "coordinates": [ 34.730818275410591, 3.756208800352819 ] } },
{ "type": "Feature", "properties": { "im": 0.99 }, "geometry": { "type": "Point", "coordinates": [ 34.731195545410706, 3.756208480352792 ] } },
{ "type": "Feature", "properties": { "im": 0.967 }, "geometry": { "type": "Point", "coordinates": [ 34.731357233410584, 3.756208342352774 ] } },
{ "type": "Feature", "properties": { "im": 0.671 }, "geometry": { "type": "Point", "coordinates": [ 34.729866100410582, 3.756191528352782 ] } },
{ "type": "Feature", "properties": { "im": 0.999 }, "geometry": { "type": "Point", "coordinates": [ 34.730351162410578, 3.756191116352762 ] } },
{ "type": "Feature", "properties": { "im": 0.85 }, "geometry": { "type": "Point", "coordinates": [ 34.730979947410638, 3.756190581352793 ] } },
{ "type": "Feature", "properties": { "im": 0.994 }, "geometry": { "type": "Point", "coordinates": [ 34.731662628410696, 3.756190001352844 ] } },
{ "type": "Feature", "properties": { "im": 0.986 }, "geometry": { "type": "Point", "coordinates": [ 34.731788384410628, 3.756189894352838 ] } },
{ "type": "Feature", "properties": { "im": 0.973 }, "geometry": { "type": "Point", "coordinates": [ 34.730476904410658, 3.75617292735276 ] } },
{ "type": "Feature", "properties": { "im": 0.998 }, "geometry": { "type": "Point", "coordinates": [ 34.731896161410546, 3.756171721352781 ] } },
{ "type": "Feature", "properties": { "im": 0.985 }, "geometry": { "type": "Point", "coordinates": [ 34.732327328410655, 3.7561713553529 ] } },
{ "type": "Feature", "properties": { "im": 0.883 }, "geometry": { "type": "Point", "coordinates": [ 34.731500910410624, 3.756153975352812 ] } },
{ "type": "Feature", "properties": { "im": 0.988 }, "geometry": { "type": "Point", "coordinates": [ 34.73015349941064, 3.756137038352814 ] } },
{ "type": "Feature", "properties": { "im": 0.252 }, "geometry": { "type": "Point", "coordinates": [ 34.730261290410589, 3.75613694735281 ] } },
{ "type": "Feature", "properties": { "im": 0.924 }, "geometry": { "type": "Point", "coordinates": [ 34.730584665410582, 3.756136672352876 ] } },
{ "type": "Feature", "properties": { "im": 0.972 }, "geometry": { "type": "Point", "coordinates": [ 34.732417124410595, 3.756135115352857 ] } },
{ "type": "Feature", "properties": { "im": 0.957 }, "geometry": { "type": "Point", "coordinates": [ 34.729758248410711, 3.756119293352778 ] } },
{ "type": "Feature", "properties": { "im": 0.953 }, "geometry": { "type": "Point", "coordinates": [ 34.732003907410636, 3.756117384352787 ] } },
{ "type": "Feature", "properties": { "im": 0.995 }, "geometry": { "type": "Point", "coordinates": [ 34.732165595410684, 3.756117247352758 ] } },
{ "type": "Feature", "properties": { "im": 0.994 }, "geometry": { "type": "Point", "coordinates": [ 34.729919920410588, 3.756101074352865 ] } },
{ "type": "Feature", "properties": { "im": 0.983 }, "geometry": { "type": "Point", "coordinates": [ 34.73126731541057, 3.756099928352763 ] } },
{ "type": "Feature", "properties": { "im": 0.99 }, "geometry": { "type": "Point", "coordinates": [ 34.731375107410621, 3.756099837352759 ] } },
{ "type": "Feature", "properties": { "im": 0.91 }, "geometry": { "type": "Point", "coordinates": [ 34.731590691410723, 3.756099653352829 ] } },
{ "type": "Feature", "properties": { "im": 0.971 }, "geometry": { "type": "Point", "coordinates": [ 34.731752378410668, 3.7560995163528 ] } },
{ "type": "Feature", "properties": { "im": 0.946 }, "geometry": { "type": "Point", "coordinates": [ 34.73256081641059, 3.75609882935279 ] } },
{ "type": "Feature", "properties": { "im": 0.98 }, "geometry": { "type": "Point", "coordinates": [ 34.730692411410608, 3.756082335352824 ] } },
{ "type": "Feature", "properties": { "im": 0.641 }, "geometry": { "type": "Point", "coordinates": [ 34.732291322410695, 3.756080976352815 ] } },
{ "type": "Feature", "properties": { "im": 0.985 }, "geometry": { "type": "Point", "coordinates": [ 34.730045647410599, 3.756064803352809 ] } },
{ "type": "Feature", "properties": { "im": 0.925 }, "geometry": { "type": "Point", "coordinates": [ 34.730333091410579, 3.756064559352776 ] } },
{ "type": "Feature", "properties": { "im": 0.989 }, "geometry": { "type": "Point", "coordinates": [ 34.730854084410588, 3.756064116352912 ] } },
{ "type": "Feature", "properties": { "im": 0.999 }, "geometry": { "type": "Point", "coordinates": [ 34.73101577141059, 3.756063979352827 ] } },
{ "type": "Feature", "properties": { "im": 0.981 }, "geometry": { "type": "Point", "coordinates": [ 34.730548659410623, 3.75604629435278 ] } },
{ "type": "Feature", "properties": { "im": 0.961 }, "geometry": { "type": "Point", "coordinates": [ 34.731123548410686, 3.756045805352836 ] } },
{ "type": "Feature", "properties": { "im": 0.459 }, "geometry": { "type": "Point", "coordinates": [ 34.731680456410594, 3.756027250352783 ] } },
{ "type": "Feature", "properties": { "im": 0.934 }, "geometry": { "type": "Point", "coordinates": [ 34.731878074410609, 3.756027082352797 ] } },
{ "type": "Feature", "properties": { "im": 0.654 }, "geometry": { "type": "Point", "coordinates": [ 34.732434998410547, 3.756026609352853 ] } },
{ "type": "Feature", "properties": { "im": 0.97 }, "geometry": { "type": "Point", "coordinates": [ 34.729794087410731, 3.756010772352762 ] } },
{ "type": "Feature", "properties": { "im": 0.992 }, "geometry": { "type": "Point", "coordinates": [ 34.730153393410625, 3.756010467352804 ] } },
{ "type": "Feature", "properties": { "im": 0.989 }, "geometry": { "type": "Point", "coordinates": [ 34.731464858410696, 3.756009352352829 ] } },
{ "type": "Feature", "properties": { "im": 0.984 }, "geometry": { "type": "Point", "coordinates": [ 34.732003816410689, 3.756008894352784 ] } },
{ "type": "Feature", "properties": { "im": 0.843 }, "geometry": { "type": "Point", "coordinates": [ 34.73211160841074, 3.75600880235279 ] } },
{ "type": "Feature", "properties": { "im": 0.993 }, "geometry": { "type": "Point", "coordinates": [ 34.732219400410564, 3.756008711352786 ] } },
{ "type": "Feature", "properties": { "im": 0.585 }, "geometry": { "type": "Point", "coordinates": [ 34.730782162410684, 3.755991850352781 ] } },
{ "type": "Feature", "properties": { "im": 0.999 }, "geometry": { "type": "Point", "coordinates": [ 34.732345142410701, 3.755990522352785 ] } },
{ "type": "Feature", "properties": { "im": 0.924 }, "geometry": { "type": "Point", "coordinates": [ 34.732524795410733, 3.755990369352868 ] } },
{ "type": "Feature", "properties": { "im": 0.983 }, "geometry": { "type": "Point", "coordinates": [ 34.732650552410547, 3.755990263352852 ] } },
{ "type": "Feature", "properties": { "im": 0.871 }, "geometry": { "type": "Point", "coordinates": [ 34.729937779410726, 3.755974486352864 ] } },
{ "type": "Feature", "properties": { "im": 0.97 }, "geometry": { "type": "Point", "coordinates": [ 34.730386911410584, 3.755974105352858 ] } },
{ "type": "Feature", "properties": { "im": 0.947 }, "geometry": { "type": "Point", "coordinates": [ 34.731788203410723, 3.755972913352844 ] } },
{ "type": "Feature", "properties": { "im": 0.996 }, "geometry": { "type": "Point", "coordinates": [ 34.73275832841059, 3.755972089352861 ] } },
{ "type": "Feature", "properties": { "im": 0.946 }, "geometry": { "type": "Point", "coordinates": [ 34.730584514410701, 3.755955855352762 ] } },
{ "type": "Feature", "properties": { "im": 0.991 }, "geometry": { "type": "Point", "coordinates": [ 34.730692305410649, 3.755955763352826 ] } },
{ "type": "Feature", "properties": { "im": 0.769 }, "geometry": { "type": "Point", "coordinates": [ 34.731177368410691, 3.755955351352806 ] } },
{ "type": "Feature", "properties": { "im": 0.964 }, "geometry": { "type": "Point", "coordinates": [ 34.729722166410532, 3.755938506352801 ] } },
{ "type": "Feature", "properties": { "im": 0.84 }, "geometry": { "type": "Point", "coordinates": [ 34.730476707410524, 3.755937865352759 ] } },
{ "type": "Feature", "properties": { "im": 0.976 }, "geometry": { "type": "Point", "coordinates": [ 34.731321075410584, 3.755937147352792 ] } },
{ "type": "Feature", "properties": { "im": 0.99 }, "geometry": { "type": "Point", "coordinates": [ 34.731626485410651, 3.75593688735287 ] } },
{ "type": "Feature", "properties": { "im": 0.982 }, "geometry": { "type": "Point", "coordinates": [ 34.729847907410736, 3.755920318352845 ] } },
{ "type": "Feature", "properties": { "im": 0.951 }, "geometry": { "type": "Point", "coordinates": [ 34.73020721341063, 3.755920012352784 ] } },
{ "type": "Feature", "properties": { "im": 0.987 }, "geometry": { "type": "Point", "coordinates": [ 34.730871928410657, 3.755919447352848 ] } },
{ "type": "Feature", "properties": { "im": 0.987 }, "geometry": { "type": "Point", "coordinates": [ 34.730979719410605, 3.755919355352854 ] } },
{ "type": "Feature", "properties": { "im": 0.949 }, "geometry": { "type": "Point", "coordinates": [ 34.731087511410657, 3.75591926435285 ] } },
{ "type": "Feature", "properties": { "im": 0.987 }, "geometry": { "type": "Point", "coordinates": [ 34.732255255410642, 3.755918271352836 ] } },
{ "type": "Feature", "properties": { "im": 0.95 }, "geometry": { "type": "Point", "coordinates": [ 34.732416927410689, 3.755900052352923 ] } },
{ "type": "Feature", "properties": { "im": 0.978 }, "geometry": { "type": "Point", "coordinates": [ 34.732578615410738, 3.755899915352837 ] } },
{ "type": "Feature", "properties": { "im": 0.978 }, "geometry": { "type": "Point", "coordinates": [ 34.732686406410686, 3.755899823352844 ] } },
{ "type": "Feature", "properties": { "im": 0.988 }, "geometry": { "type": "Point", "coordinates": [ 34.730027529410698, 3.755884002352867 ] } },
{ "type": "Feature", "properties": { "im": 0.992 }, "geometry": { "type": "Point", "coordinates": [ 34.731482717410664, 3.755882764352828 ] } },
{ "type": "Feature", "properties": { "im": 0.983 }, "geometry": { "type": "Point", "coordinates": [ 34.731716266410693, 3.755882566352819 ] } },
{ "type": "Feature", "properties": { "im": 0.983 }, "geometry": { "type": "Point", "coordinates": [ 34.731931849410692, 3.755882383352822 ] } },
{ "type": "Feature", "properties": { "im": 0.66 }, "geometry": { "type": "Point", "coordinates": [ 34.732794183410611, 3.755881650352843 ] } },
{ "type": "Feature", "properties": { "im": 0.996 }, "geometry": { "type": "Point", "coordinates": [ 34.731213222410666, 3.755864912352787 ] } },
{ "type": "Feature", "properties": { "im": 0.986 }, "geometry": { "type": "Point", "coordinates": [ 34.732111487410656, 3.755864148352794 ] } },
{ "type": "Feature", "properties": { "im": 0.996 }, "geometry": { "type": "Point", "coordinates": [ 34.729919708410726, 3.755847930352811 ] } },
{ "type": "Feature", "properties": { "im": 0.887 }, "geometry": { "type": "Point", "coordinates": [ 34.730135291410726, 3.755847746352766 ] } },
{ "type": "Feature", "properties": { "im": 0.982 }, "geometry": { "type": "Point", "coordinates": [ 34.730386804410635, 3.755847533352859 ] } },
{ "type": "Feature", "properties": { "im": 0.991 }, "geometry": { "type": "Point", "coordinates": [ 34.730530527410586, 3.755847410352852 ] } },
{ "type": "Feature", "properties": { "im": 0.96 }, "geometry": { "type": "Point", "coordinates": [ 34.730800006410583, 3.755847181352829 ] } },
{ "type": "Feature", "properties": { "im": 0.965 }, "geometry": { "type": "Point", "coordinates": [ 34.731374895410589, 3.755846693352761 ] } },
{ "type": "Feature", "properties": { "im": 1.0 }, "geometry": { "type": "Point", "coordinates": [ 34.729722074410709, 3.755830016352799 ] } },
{ "type": "Feature", "properties": { "im": 0.987 }, "geometry": { "type": "Point", "coordinates": [ 34.731806046410689, 3.75582824435278 ] } },
{ "type": "Feature", "properties": { "im": 0.89 }, "geometry": { "type": "Point", "coordinates": [ 34.730674219410524, 3.755811125352774 ] } },
{ "type": "Feature", "properties": { "im": 0.956 }, "geometry": { "type": "Point", "coordinates": [ 34.731087420410709, 3.755810773352802 ] } },
{ "type": "Feature", "properties": { "im": 0.684 }, "geometry": { "type": "Point", "coordinates": [ 34.732003649410579, 3.755809995352843 ] } },
{ "type": "Feature", "properties": { "im": 0.969 }, "geometry": { "type": "Point", "coordinates": [ 34.732470747410694, 3.755809598352835 ] } },
{ "type": "Feature", "properties": { "im": 0.997 }, "geometry": { "type": "Point", "coordinates": [ 34.730225072410597, 3.75579342535283 ] } },
{ "type": "Feature", "properties": { "im": 0.994 }, "geometry": { "type": "Point", "coordinates": [ 34.731572467410636, 3.755792279352785 ] } },
{ "type": "Feature", "properties": { "im": 0.988 }, "geometry": { "type": "Point", "coordinates": [ 34.73230904441052, 3.755791653352925 ] } },
{ "type": "Feature", "properties": { "im": 0.89 }, "geometry": { "type": "Point", "coordinates": [ 34.732686316410671, 3.755791333352898 ] } },
{ "type": "Feature", "properties": { "im": 0.983 }, "geometry": { "type": "Point", "coordinates": [ 34.73283003841069, 3.755791211352824 ] } },
{ "type": "Feature", "properties": { "im": 0.765 }, "geometry": { "type": "Point", "coordinates": [ 34.730997563410675, 3.755774686352789 ] } },
{ "type": "Feature", "properties": { "im": 0.97 }, "geometry": { "type": "Point", "coordinates": [ 34.731446695410703, 3.75577430535284 ] } },
{ "type": "Feature", "properties": { "im": 0.998 }, "geometry": { "type": "Point", "coordinates": [ 34.729991493410715, 3.755757460352778 ] } },
{ "type": "Feature", "properties": { "im": 0.847 }, "geometry": { "type": "Point", "coordinates": [ 34.730099284410663, 3.755757368352842 ] } },
{ "type": "Feature", "properties": { "im": 0.652 }, "geometry": { "type": "Point", "coordinates": [ 34.730763999410691, 3.755756803352791 ] } },
{ "type": "Feature", "properties": { "im": 0.986 }, "geometry": { "type": "Point", "coordinates": [ 34.730889756410726, 3.755756696352786 ] } },
{ "type": "Feature", "properties": { "im": 0.943 }, "geometry": { "type": "Point", "coordinates": [ 34.731284992410529, 3.755756360352758 ] } },
{ "type": "Feature", "properties": { "im": 0.982 }, "geometry": { "type": "Point", "coordinates": [ 34.731662263410577, 3.755756040352845 ] } },
{ "type": "Feature", "properties": { "im": 0.982 }, "geometry": { "type": "Point", "coordinates": [ 34.73257849341072, 3.755755261352784 ] } },
{ "type": "Feature", "properties": { "im": 0.818 }, "geometry": { "type": "Point", "coordinates": [ 34.729775894410551, 3.755739562352881 ] } },
{ "type": "Feature", "properties": { "im": 0.982 }, "geometry": { "type": "Point", "coordinates": [ 34.729883686410595, 3.755739470352737 ] } },
{ "type": "Feature", "properties": { "im": 0.998 }, "geometry": { "type": "Point", "coordinates": [ 34.73060229741062, 3.755738859352813 ] } },
{ "type": "Feature", "properties": { "im": 0.944 }, "geometry": { "type": "Point", "coordinates": [ 34.732219172410588, 3.755737485352792 ] } },
{ "type": "Feature", "properties": { "im": 0.965 }, "geometry": { "type": "Point", "coordinates": [ 34.729650122410611, 3.755721587352833 ] } },
{ "type": "Feature", "properties": { "im": 0.999 }, "geometry": { "type": "Point", "coordinates": [ 34.730440594410673, 3.755720915352778 ] } },
{ "type": "Feature", "properties": { "im": 0.96 }, "geometry": { "type": "Point", "coordinates": [ 34.732075435410671, 3.755719525352812 ] } },
{ "type": "Feature", "properties": { "im": 0.985 }, "geometry": { "type": "Point", "coordinates": [ 34.732416775410648, 3.755719235352809 ] } },
{ "type": "Feature", "properties": { "im": 0.968 }, "geometry": { "type": "Point", "coordinates": [ 34.730296857410586, 3.755702955352799 ] } },
{ "type": "Feature", "properties": { "im": 0.991 }, "geometry": { "type": "Point", "coordinates": [ 34.731069364410665, 3.755702298352811 ] } },
{ "type": "Feature", "properties": { "im": 1.0 }, "geometry": { "type": "Point", "coordinates": [ 34.731195121410643, 3.755702191352806 ] } },
{ "type": "Feature", "properties": { "im": 0.996 }, "geometry": { "type": "Point", "coordinates": [ 34.73178797541069, 3.755701688352783 ] } },
{ "type": "Feature", "properties": { "im": 0.75 }, "geometry": { "type": "Point", "coordinates": [ 34.732776066410644, 3.755700848352797 ] } },
{ "type": "Feature", "properties": { "im": 0.887 }, "geometry": { "type": "Point", "coordinates": [ 34.730171085410653, 3.755684981352796 ] } },
{ "type": "Feature", "properties": { "im": 0.966 }, "geometry": { "type": "Point", "coordinates": [ 34.731931682410583, 3.755683484352768 ] } },
{ "type": "Feature", "properties": { "im": 0.943 }, "geometry": { "type": "Point", "coordinates": [ 34.732901808410723, 3.755682659352796 ] } },
{ "type": "Feature", "properties": { "im": 0.994 }, "geometry": { "type": "Point", "coordinates": [ 34.729524320410711, 3.755667449352781 ] } },
{ "type": "Feature", "properties": { "im": 0.98 }, "geometry": { "type": "Point", "coordinates": [ 34.730692062410718, 3.755666456352766 ] } },
{ "type": "Feature", "properties": { "im": 0.957 }, "geometry": { "type": "Point", "coordinates": [ 34.73096154241059, 3.755666227352857 ] } },
{ "type": "Feature", "properties": { "im": 0.989 }, "geometry": { "type": "Point", "coordinates": [ 34.732290973410578, 3.755665097352757 ] } },
{ "type": "Feature", "properties": { "im": 0.993 }, "geometry": { "type": "Point", "coordinates": [ 34.729829714410549, 3.755649107352862 ] } },
{ "type": "Feature", "properties": { "im": 0.977 }, "geometry": { "type": "Point", "coordinates": [ 34.731608277410736, 3.755647595352821 ] } },
{ "type": "Feature", "properties": { "im": 0.993 }, "geometry": { "type": "Point", "coordinates": [ 34.729703942410673, 3.755631133352803 ] } },
{ "type": "Feature", "properties": { "im": 0.998 }, "geometry": { "type": "Point", "coordinates": [ 34.730081213410664, 3.755630812352786 ] } },
{ "type": "Feature", "properties": { "im": 0.857 }, "geometry": { "type": "Point", "coordinates": [ 34.730404588410714, 3.755630537352852 ] } },
{ "type": "Feature", "properties": { "im": 0.963 }, "geometry": { "type": "Point", "coordinates": [ 34.731482504410529, 3.755629620352773 ] } },
{ "type": "Feature", "properties": { "im": 0.996 }, "geometry": { "type": "Point", "coordinates": [ 34.732686179410585, 3.755628597352849 ] } },
{ "type": "Feature", "properties": { "im": 0.987 }, "geometry": { "type": "Point", "coordinates": [ 34.730548295410607, 3.755612333352838 ] } },
{ "type": "Feature", "properties": { "im": 0.905 }, "geometry": { "type": "Point", "coordinates": [ 34.73078184341059, 3.75561213435284 ] } },
{ "type": "Feature", "properties": { "im": 0.995 }, "geometry": { "type": "Point", "coordinates": [ 34.731356732410596, 3.755611645352781 ] } },
{ "type": "Feature", "properties": { "im": 0.505 }, "geometry": { "type": "Point", "coordinates": [ 34.73171603841066, 3.755611340352767 ] } },
{ "type": "Feature", "properties": { "im": 0.964 }, "geometry": { "type": "Point", "coordinates": [ 34.731859760410678, 3.755611218352921 ] } },
{ "type": "Feature", "properties": { "im": 0.439 }, "geometry": { "type": "Point", "coordinates": [ 34.729614085410581, 3.755595046352847 ] } },
{ "type": "Feature", "properties": { "im": 0.986 }, "geometry": { "type": "Point", "coordinates": [ 34.73123096041072, 3.755593671352779 ] } },
{ "type": "Feature", "properties": { "im": 0.984 }, "geometry": { "type": "Point", "coordinates": [ 34.732039398410642, 3.755592983352837 ] } },
{ "type": "Feature", "properties": { "im": 0.955 }, "geometry": { "type": "Point", "coordinates": [ 34.73216515541062, 3.755592877352821 ] } },
{ "type": "Feature", "properties": { "im": 0.992 }, "geometry": { "type": "Point", "coordinates": [ 34.732452600410703, 3.755592632352796 ] } },
{ "type": "Feature", "properties": { "im": 1.0 }, "geometry": { "type": "Point", "coordinates": [ 34.732560392410583, 3.755592541352792 ] } },
{ "type": "Feature", "properties": { "im": 0.985 }, "geometry": { "type": "Point", "coordinates": [ 34.732775975410526, 3.755592358352795 ] } },
{ "type": "Feature", "properties": { "im": 0.976 }, "geometry": { "type": "Point", "coordinates": [ 34.729937445410677, 3.755576689352802 ] } },
{ "type": "Feature", "properties": { "im": 0.893 }, "geometry": { "type": "Point", "coordinates": [ 34.730188959410519, 3.755576475352792 ] } },
{ "type": "Feature", "properties": { "im": 0.98 }, "geometry": { "type": "Point", "coordinates": [ 34.730943485410613, 3.755557752352867 ] } },
{ "type": "Feature", "properties": { "im": 0.998 }, "geometry": { "type": "Point", "coordinates": [ 34.731087207410631, 3.75555762935286 ] } },
{ "type": "Feature", "properties": { "im": 0.991 }, "geometry": { "type": "Point", "coordinates": [ 34.732290882410631, 3.755556606352764 ] } },
{ "type": "Feature", "properties": { "im": 0.889 }, "geometry": { "type": "Point", "coordinates": [ 34.729847588410642, 3.755540602352847 ] } },
{ "type": "Feature", "properties": { "im": 0.982 }, "geometry": { "type": "Point", "coordinates": [ 34.730296720410671, 3.755540220352908 ] } },
{ "type": "Feature", "properties": { "im": 0.995 }, "geometry": { "type": "Point", "coordinates": [ 34.731536324410534, 3.7555391663528 ] } },
{ "type": "Feature", "properties": { "im": 0.963 }, "geometry": { "type": "Point", "coordinates": [ 34.731644116410585, 3.755539074352806 ] } },
{ "type": "Feature", "properties": { "im": 0.949 }, "geometry": { "type": "Point", "coordinates": [ 34.730673976410593, 3.755521817352895 ] } },
{ "type": "Feature", "properties": { "im": 0.906 }, "geometry": { "type": "Point", "coordinates": [ 34.731410552410658, 3.755521191352865 ] } },
{ "type": "Feature", "properties": { "im": 0.997 }, "geometry": { "type": "Point", "coordinates": [ 34.731751893410738, 3.755520901352805 ] } },
{ "type": "Feature", "properties": { "im": 0.856 }, "geometry": { "type": "Point", "coordinates": [ 34.7318956154107, 3.755520779352788 ] } },
{ "type": "Feature", "properties": { "im": 0.932 }, "geometry": { "type": "Point", "coordinates": [ 34.732704053410622, 3.755520092352778 ] } },
{ "type": "Feature", "properties": { "im": 0.97 }, "geometry": { "type": "Point", "coordinates": [ 34.732955568410738, 3.755519878352823 ] } },
{ "type": "Feature", "properties": { "im": 0.984 }, "geometry": { "type": "Point", "coordinates": [ 34.730476342410633, 3.755503904352759 ] } },
{ "type": "Feature", "properties": { "im": 0.884 }, "geometry": { "type": "Point", "coordinates": [ 34.731284780410725, 3.75550321635276 ] } },
{ "type": "Feature", "properties": { "im": 0.89 }, "geometry": { "type": "Point", "coordinates": [ 34.732380663410673, 3.755502285352772 ] } },
{ "type": "Feature", "properties": { "im": 0.859 }, "geometry": { "type": "Point", "coordinates": [ 34.732847761410618, 3.755501888352764 ] } },
{ "type": "Feature", "properties": { "im": 0.987 }, "geometry": { "type": "Point", "coordinates": [ 34.730009230410666, 3.755486219352771 ] } },
{ "type": "Feature", "properties": { "im": 0.953 }, "geometry": { "type": "Point", "coordinates": [ 34.730117022410717, 3.755486128352767 ] } },
{ "type": "Feature", "properties": { "im": 0.421 }, "geometry": { "type": "Point", "coordinates": [ 34.730584119410729, 3.75548573035277 ] } },
{ "type": "Feature", "properties": { "im": 0.975 }, "geometry": { "type": "Point", "coordinates": [ 34.730799702410728, 3.755485547352829 ] } },
{ "type": "Feature", "properties": { "im": 0.772 }, "geometry": { "type": "Point", "coordinates": [ 34.731015286410603, 3.755485364352832 ] } },
{ "type": "Feature", "properties": { "im": 0.97 }, "geometry": { "type": "Point", "coordinates": [ 34.732488439410723, 3.755484111352781 ] } },
{ "type": "Feature", "properties": { "im": 0.926 }, "geometry": { "type": "Point", "coordinates": [ 34.732614197410633, 3.755484004352776 ] } },
{ "type": "Feature", "properties": { "im": 0.521 }, "geometry": { "type": "Point", "coordinates": [ 34.730368520410728, 3.755467832352759 ] } },
{ "type": "Feature", "properties": { "im": 0.982 }, "geometry": { "type": "Point", "coordinates": [ 34.732739908410643, 3.755429652352826 ] } },
{ "type": "Feature", "properties": { "im": 0.993 }, "geometry": { "type": "Point", "coordinates": [ 34.732650051410609, 3.755393565352757 ] } },
{ "type": "Feature", "properties": { "im": 0.989 }, "geometry": { "type": "Point", "coordinates": [ 34.732829704410641, 3.755393413352773 ] } },
{ "type": "Feature", "properties": { "im": 0.957 }, "geometry": { "type": "Point", "coordinates": [ 34.732937496410692, 3.755393321352837 ] } }
]
}
